# Hays role -> career rung, PROPOSED. Editions: 2023, FY22/23, FY24/25.
# Fill DECISION with the node to use (family|track|rung), "ok" to accept the
# proposal, or "no" to map nothing. Blank is treated as undecided, and an
# undecided role contributes no salary anywhere — the same way a rung the
# O*NET table has not decided is simply left off the card.
# Read section_odd=Y first: those disagree with their own section's family.

DECISION	confidence	section_odd	hays_role	hays_band	hays_section	proposed_node	rung	canonical	via	figures	band	editions
	exact		ASSISTANT ACCOUNTANTS	2 - 4 years	COMMERCE AND INDUSTRY	finance|generalist|1	Entry / support	assistant accountant	title	30	60-110k	FY24/25
	exact		ASSISTANT ACCOUNTANTS	4+ years	COMMERCE AND INDUSTRY	finance|generalist|1	Entry / support	assistant accountant	title	30	65-120k	FY24/25
	exact		ENGINEER		RENEWABLE ENERGY	engineering|generalist|2	Practitioner	engineer	title	30	102-220k	FY24/25
	exact		WORKFORCE PLANNER			hr|workforce|2	Practitioner	workforce planner	title	20	55-140k	FY24/25
	exact	Y	CATEGORY MANAGER			procurement|buying|4	Manager	category manager	title	16	100-200k	FY24/25
	exact	Y	COMMERCIAL MANAGER			commercial|generalist|4	Manager	commercial manager	title	16	110-260k	FY24/25
	exact	Y	CONTRACT ADMINISTRATOR			commercial|generalist|2	Practitioner	contract administrator	title	16	80-175k	FY24/25
	exact	Y	CONTRACT MANAGER			commercial|generalist|4	Manager	contract manager	title	16	100-260k	FY24/25
	exact	Y	DRAFTER		MANUFACTURING AND OPERATIONS	architecture|drafting|2	Practitioner	drafter	title	16	51-110k	2023
	exact		ENGINEER		QUALITY CONTROL AND R&D                 	engineering|generalist|2	Practitioner	engineer	title	16	80-150k	FY24/25
	exact	Y	ENGINEER		MANUFACTURING AND OPERATIONS	engineering|generalist|2	Practitioner	engineer	title	16	77-140k	2023
	exact	Y	MECHANICAL DESIGN ENGINEER		MANUFACTURING AND OPERATIONS	engineering|mechanical|2	Practitioner	mechanical design engineer	title	16	61-140k	2023
	exact	Y	PROCUREMENT ANALYST			procurement|generalist|2	Practitioner	procurement analyst	title	16	80-140k	FY24/25
	exact	Y	PROCUREMENT MANAGER			procurement|generalist|4	Manager	procurement manager	title	16	110-240k	FY24/25
	exact	Y	PROCUREMENT OFFICER			procurement|generalist|2	Practitioner	procurement officer	title	16	70-120k	FY24/25
	exact	Y	PROCUREMENT SPECIALIST			procurement|generalist|2	Practitioner	procurement specialist	title	16	85-140k	FY24/25
	exact	Y	PROJECT ENGINEER		MANUFACTURING AND OPERATIONS	engineering|generalist|2	Practitioner	project engineer	title	16	56-135k	2023
	exact	Y	PURCHASING MANAGER			procurement|generalist|4	Manager	purchasing manager	title	16	85-150k	FY24/25
	exact	Y	STRATEGIC SOURCING MANAGER			procurement|generalist|4	Manager	strategic sourcing manager	title	16	110-210k	FY24/25
	exact		ACCOUNTING MANAGER		COMMERCE AND INDUSTRY	finance|generalist|4	Manager	accounting manager	title	15	92-163k	FY24/25
	exact		ASSISTANT ACCOUNTANTS	Up to 2 years	COMMERCE AND INDUSTRY	finance|generalist|1	Entry / support	assistant accountant	title	15	50-80k	FY24/25
	exact	Y	PAYROLL OFFICER		COMMERCE AND INDUSTRY	payroll|generalist|2	Practitioner	payroll officer	title	15	60-95k	FY24/25
	exact	Y	PAYROLL TEAM LEAD		COMMERCE AND INDUSTRY	payroll|generalist|3	Senior / partner	payroll team lead	title	15	80-135k	FY24/25
	exact	Y	SENIOR PAYROLL OFFICER		COMMERCE AND INDUSTRY	payroll|generalist|3	Senior / partner	senior payroll officer	title	15	70-120k	FY24/25
	exact		TREASURY MANAGER		COMMERCE AND INDUSTRY	finance|treasury|4	Manager	treasury manager	title	15	100-210k	FY24/25
	exact		ACCOUNTANT		ACCOUNTANCY AND FINANCE	finance|generalist|2	Practitioner	accountant	title	14	66-122k	2023
	exact		ADMINISTRATOR		PROPERTY AND CONSTRUCTION SUPPORT	admin|generalist|1	Entry / support	administrator	title	14	55-100k	FY24/25
	exact	Y	Civil Designer			architecture|drafting|2	Practitioner	civil designer	title	14	51-130k	FY22/23
	exact		CONSTRUCTION MANAGER		CONSTRUCTION CIVIL	construction|generalist|4	Manager	construction manager	title	14	130-300k	FY24/25
	exact		CONSTRUCTION MANAGER		CONSTRUCTION BUILDING	construction|generalist|4	Manager	construction manager	title	14	130-320k	FY24/25
	exact	Y	CONSTRUCTION MANAGER		CONSTRUCTION	construction|generalist|4	Manager	construction manager	title	14	130-300k	2023
	exact	Y	CONSTRUCTION MANAGER		CONSTRUCTION	construction|generalist|4	Manager	construction manager	title	14	120-320k	2023
	exact	Y	CONTRACTS MANAGER		FACILITIES MANAGEMENT	commercial|generalist|4	Manager	contracts manager	title	14	66-168k	2023
	exact	Y	Control Room Operator			operations|generalist|2	Practitioner	control room operator	title	14	51-66k	FY22/23
	exact	Y	CONTROL ROOM OPERATOR		SOFT SERVICES	operations|generalist|2	Practitioner	control room operator	title	14	51-100k	FY24/25
	exact	Y	CONTROL ROOM OPERATOR		FACILITIES MANAGEMENT	operations|generalist|2	Practitioner	control room operator	title	14	51-100k	2023
	exact		DESIGN MANAGER		CONSTRUCTION CIVIL	construction|generalist|4	Manager	design manager	title	14	90-190k	FY24/25
	exact		DESIGN MANAGER		CONSTRUCTION BUILDING	construction|generalist|4	Manager	design manager	title	14	90-240k	FY24/25
	exact	Y	DESIGN MANAGER		CONSTRUCTION	construction|generalist|4	Manager	design manager	title	14	90-190k	2023
	exact	Y	DESIGN MANAGER		CONSTRUCTION	construction|generalist|4	Manager	design manager	title	14	90-240k	2023
	exact		DOCUMENT CONTROLLER		OFFICE SUPPORT	library|records|2	Practitioner	document controller	title	14	48-120k	2023
	exact	Y	DRAFTER			architecture|drafting|2	Practitioner	drafter	title	14	57-125k	FY24/25
	exact		FACILITIES COORDINATOR		FACILITIES MANAGEMENT	facilities|facilities|2	Practitioner	facilities coordinator	title	14	49-90k	2023
	exact		FACILITIES MANAGER		FACILITIES MANAGEMENT	facilities|facilities|4	Manager	facilities manager	title	14	61-150k	2023
	exact	Y	Facilities Officer			facilities|facilities|2	Practitioner	facilities officer	title	14	48-75k	FY22/23
	exact		FACILITIES OFFICER		SOFT SERVICES	facilities|facilities|2	Practitioner	facilities officer	title	14	48-90k	FY24/25
	exact		FACILITIES OFFICER		FACILITIES MANAGEMENT	facilities|facilities|2	Practitioner	facilities officer	title	14	48-80k	2023
	exact		FOREPERSON		CONSTRUCTION CIVIL	construction|generalist|2	Practitioner	foreperson	title	14	80-160k	FY24/25
	exact		FOREPERSON		CONSTRUCTION BUILDING	construction|generalist|2	Practitioner	foreperson	title	14	80-185k	FY24/25
	exact	Y	FOREPERSON		CONSTRUCTION	construction|generalist|2	Practitioner	foreperson	title	14	66-160k	2023
	exact	Y	FOREPERSON		CONSTRUCTION	construction|generalist|2	Practitioner	foreperson	title	14	70-185k	2023
	exact		HEAD OF TAX		ACCOUNTANCY AND FINANCE	finance|tax|5	Head / director	head of tax	title	14	102-400k	2023
	exact		HEAD OF TREASURY		COMMERCE AND INDUSTRY	finance|treasury|5	Head / director	head of treasury	title	14	122-510k	FY24/25
	exact	Y	INTERNAL AUDIT MANAGER		ACCOUNTANCY AND FINANCE	risk|audit|4	Manager	internal audit manager	title	14	97-200k	2023
	exact	Y	INTERNAL AUDITOR		ACCOUNTANCY AND FINANCE	risk|audit|2	Practitioner	internal auditor	title	14	66-120k	2023
	exact	Y	Land Surveyor			geoscience|surveying|2	Practitioner	land surveyor	title	14	56-153k	FY22/23
	exact	Y	PAYROLL OFFICER		ACCOUNTANCY AND FINANCE	payroll|generalist|2	Practitioner	payroll officer	title	14	56-85k	2023
	exact	Y	PAYROLL TEAM LEAD		ACCOUNTANCY AND FINANCE	payroll|generalist|3	Senior / partner	payroll team lead	title	14	70-130k	2023
	exact	Y	PRACTICE MANAGER		ACCOUNTANCY AND FINANCE	admin|generalist|4	Manager	practice manager	title	14	82-160k	2023
	exact		PROJECT ACCOUNTANT		ACCOUNTANCY AND FINANCE	finance|generalist|2	Practitioner	project accountant	title	14	87-170k	2023
	exact	Y	PROJECT ENGINEER		CONSTRUCTION	engineering|generalist|2	Practitioner	project engineer	title	14	77-170k	2023
	exact	Y	PROJECT MANAGER		CONSTRUCTION CIVIL	project|generalist|3	Senior / partner	project manager	title	14	100-250k	FY24/25
	exact	Y	PROJECT MANAGER		CONSTRUCTION BUILDING	project|generalist|3	Senior / partner	project manager	title	14	100-280k	FY24/25
	exact	Y	PROJECT MANAGER		CONSTRUCTION	project|generalist|3	Senior / partner	project manager	title	14	85-255k	2023
	exact	Y	PROJECT MANAGER		CONSTRUCTION	project|generalist|3	Senior / partner	project manager	title	14	100-250k	2023
	exact	Y	Security Manager			emergency|security|4	Manager	security manager	title	14	65-87k	FY22/23
	exact	Y	SECURITY MANAGER		SOFT SERVICES	emergency|security|4	Manager	security manager	title	14	65-150k	FY24/25
	exact	Y	SECURITY MANAGER		FACILITIES MANAGEMENT	emergency|security|4	Manager	security manager	title	14	65-150k	2023
	exact	Y	SENIOR PAYROLL OFFICER		ACCOUNTANCY AND FINANCE	payroll|generalist|3	Senior / partner	senior payroll officer	title	14	61-110k	2023
	exact	Y	SITE ENGINEER		CONSTRUCTION CIVIL	engineering|civil|2	Practitioner	site engineer	title	14	65-140k	FY24/25
	exact	Y	SITE ENGINEER		CONSTRUCTION	engineering|civil|2	Practitioner	site engineer	title	14	60-140k	2023
	exact	Y	SITE ENGINEER		CONSTRUCTION	engineering|civil|2	Practitioner	site engineer	title	14	60-150k	2023
	exact		SITE MANAGER		CONSTRUCTION BUILDING	construction|generalist|4	Manager	site manager	title	14	100-260k	FY24/25
	exact	Y	SITE MANAGER		CONSTRUCTION	construction|generalist|4	Manager	site manager	title	14	90-240k	2023
	exact		TAX ACCOUNTANT		ACCOUNTANCY AND FINANCE	finance|tax|2	Practitioner	tax accountant	title	14	77-140k	2023
	exact		TAX MANAGER		ACCOUNTANCY AND FINANCE	finance|tax|4	Manager	tax manager	title	14	92-250k	2023
	exact	Y	Town Planner			architecture|planning|2	Practitioner	town planner	title	14	53-125k	FY22/23
	exact		ACCOUNTANT		COMMERCE AND INDUSTRY	finance|generalist|2	Practitioner	accountant	title	13	77-140k	FY24/25
	exact	Y	BUSINESS ANALYST		PROJECTS AND CHANGE MANAGEMENT	product|generalist|2	Practitioner	business analyst	title	13	90-150k	FY24/25
	exact	Y	BUSINESS ANALYST		TECHNOLOGY	product|generalist|2	Practitioner	business analyst	title	13	90-170k	2023
	exact	Y	CLOUD ARCHITECT		CLOUD	technology|architecture|4	Manager	cloud architect	title	13	130-280k	FY24/25
	exact		CLOUD ARCHITECT		TECHNOLOGY	technology|architecture|4	Manager	cloud architect	title	13	130-280k	2023
	exact	Y	CLOUD ENGINEER		CLOUD	technology|generalist|2	Practitioner	cloud engineer	title	13	100-200k	FY24/25
	exact		CLOUD ENGINEER		TECHNOLOGY	technology|generalist|2	Practitioner	cloud engineer	title	13	95-200k	2023
	exact		CYBER SECURITY ANALYST		CYBER SECURITY	technology|security|2	Practitioner	cyber security analyst	title	13	90-180k	FY24/25
	exact		CYBER SECURITY ANALYST		TECHNOLOGY	technology|security|2	Practitioner	cyber security analyst	title	13	90-170k	2023
	exact		CYBER SECURITY ARCHITECT		CYBER SECURITY	technology|security|4	Manager	cyber security architect	title	13	140-275k	FY24/25
	exact		CYBER SECURITY ARCHITECT		TECHNOLOGY	technology|security|4	Manager	cyber security architect	title	13	133-275k	2023
	exact		CYBER SECURITY ENGINEER		CYBER SECURITY	technology|security|2	Practitioner	cyber security engineer	title	13	90-180k	FY24/25
	exact		CYBER SECURITY ENGINEER		TECHNOLOGY	technology|security|2	Practitioner	cyber security engineer	title	13	90-180k	2023
	exact		DATA ANALYST		DATA AND ADVANCED ANALYTICS	data|generalist|2	Practitioner	data analyst	title	13	80-140k	FY24/25
	exact	Y	DATA ANALYST		TECHNOLOGY	data|generalist|2	Practitioner	data analyst	title	13	75-140k	2023
	exact		DATA ARCHITECT		DATA AND ADVANCED ANALYTICS	data|engineering|4	Manager	data architect	title	13	115-250k	FY24/25
	exact	Y	DATA ARCHITECT		TECHNOLOGY	data|engineering|4	Manager	data architect	title	13	110-250k	2023
	exact		DATA ENGINEER		DATA AND ADVANCED ANALYTICS	data|engineering|2	Practitioner	data engineer	title	13	100-220k	FY24/25
	exact	Y	DATA ENGINEER		TECHNOLOGY	data|engineering|2	Practitioner	data engineer	title	13	95-220k	2023
	exact		DATA SCIENTIST		DATA AND ADVANCED ANALYTICS	data|science|2	Practitioner	data scientist	title	13	110-250k	FY24/25
	exact	Y	DATA SCIENTIST		TECHNOLOGY	data|science|2	Practitioner	data scientist	title	13	105-260k	2023
	exact		DEVOPS ENGINEER		CLOUD	software|generalist|2	Practitioner	devops engineer	title	13	100-200k	FY24/25
	exact	Y	DEVOPS ENGINEER		TECHNOLOGY	software|generalist|2	Practitioner	devops engineer	title	13	90-200k	2023
	exact	Y	ENTERPRISE ARCHITECT		PROJECTS AND CHANGE MANAGEMENT	technology|architecture|4	Manager	enterprise architect	title	13	125-280k	FY24/25
	exact		ENTERPRISE ARCHITECT		TECHNOLOGY	technology|architecture|4	Manager	enterprise architect	title	13	125-280k	2023
	exact		FACILITIES COORDINATOR		LOCAL GOVERNMENT	facilities|facilities|2	Practitioner	facilities coordinator	title	13	55-90k	FY24/25
	exact	Y	FACILITIES COORDINATOR		CONSTRUCTION	facilities|facilities|2	Practitioner	facilities coordinator	title	13	51-90k	2023
	exact		FACILITIES MANAGER		LOCAL GOVERNMENT	facilities|facilities|4	Manager	facilities manager	title	13	70-130k	FY24/25
	exact	Y	FACILITIES MANAGER		CONSTRUCTION	facilities|facilities|4	Manager	facilities manager	title	13	70-130k	2023
	exact		FINANCE BUSINESS PARTNER		COMMERCE AND INDUSTRY	finance|fpa|3	Senior / partner	finance business partner	title	13	95-180k	FY24/25
	exact		FINANCE BUSINESS PARTNER		ACCOUNTANCY AND FINANCE	finance|fpa|3	Senior / partner	finance business partner	title	13	90-170k	2023
	exact		PMO MANAGER		PROJECTS AND CHANGE MANAGEMENT	project|generalist|5	Head / director	pmo manager	title	13	130-230k	FY24/25
	exact	Y	PMO MANAGER		TECHNOLOGY	project|generalist|5	Head / director	pmo manager	title	13	125-220k	2023
	exact	Y	PRODUCT OWNER		PROJECTS AND CHANGE MANAGEMENT	product|product|3	Senior / partner	product owner	title	13	100-200k	FY24/25
	exact	Y	PRODUCT OWNER		TECHNOLOGY	product|product|3	Senior / partner	product owner	title	13	100-220k	2023
	exact		PROGRAM MANAGER		PROJECTS AND CHANGE MANAGEMENT	project|generalist|4	Manager	program manager	title	13	130-240k	FY24/25
	exact	Y	PROGRAM MANAGER		TECHNOLOGY	project|generalist|4	Manager	program manager	title	13	130-240k	2023
	exact		PROJECT CO-ORDINATOR		PROJECTS AND CHANGE MANAGEMENT	project|generalist|1	Entry / support	project coordinator	title	13	70-140k	FY24/25
	exact	Y	PROJECT CO-ORDINATOR		TECHNOLOGY	project|generalist|1	Entry / support	project coordinator	title	13	70-130k	2023
	exact		PROJECT DIRECTOR		PROJECTS AND CHANGE MANAGEMENT	project|generalist|5	Head / director	project director	title	13	122-300k	FY24/25
	exact	Y	PROJECT DIRECTOR		TECHNOLOGY	project|generalist|5	Head / director	project director	title	13	122-300k	2023
	exact	Y	PROJECT ENGINEER		CONSTRUCTION	engineering|generalist|2	Practitioner	project engineer	title	13	80-160k	2023
	exact		PROJECT MANAGER		LOCAL GOVERNMENT	project|generalist|3	Senior / partner	project manager	title	13	80-160k	FY24/25
	exact		PROJECT MANAGER		PROJECTS AND CHANGE MANAGEMENT	project|generalist|3	Senior / partner	project manager	title	13	110-180k	FY24/25
	exact	Y	PROJECT MANAGER		CONSTRUCTION	project|generalist|3	Senior / partner	project manager	title	13	80-160k	2023
	exact	Y	PROJECT MANAGER		TECHNOLOGY	project|generalist|3	Senior / partner	project manager	title	13	100-190k	2023
	exact		PROJECT SCHEDULER		PROJECTS AND CHANGE MANAGEMENT	project|controls|2	Practitioner	project scheduler	title	13	78-200k	FY24/25
	exact	Y	PROJECT SCHEDULER		TECHNOLOGY	project|controls|2	Practitioner	project scheduler	title	13	78-200k	2023
	exact		PROPERTY MANAGER		LOCAL GOVERNMENT	property|generalist|2	Practitioner	property manager	title	13	50-140k	FY24/25
	exact	Y	PROPERTY MANAGER		CONSTRUCTION	property|generalist|2	Practitioner	property manager	title	13	50-140k	2023
	exact	Y	SENIOR BUSINESS ANALYST		PROJECTS AND CHANGE MANAGEMENT	product|generalist|3	Senior / partner	senior business analyst	title	13	100-180k	FY24/25
	exact	Y	SENIOR BUSINESS ANALYST		TECHNOLOGY	product|generalist|3	Senior / partner	senior business analyst	title	13	100-190k	2023
	exact	Y	SENIOR DATA ANALYST		TECHNOLOGY	data|generalist|3	Senior / partner	senior data analyst	title	13	90-170k	2023
	exact		SENIOR PROJECT MANAGER		PROJECTS AND CHANGE MANAGEMENT	project|generalist|4	Manager	senior project manager	title	13	120-200k	FY24/25
	exact	Y	SENIOR PROJECT MANAGER		TECHNOLOGY	project|generalist|4	Manager	senior project manager	title	13	120-210k	2023
	exact		SITE RELIABILITY ENGINEER		CLOUD	software|generalist|2	Practitioner	site reliability engineer	title	13	120-200k	FY24/25
	exact	Y	SITE RELIABILITY ENGINEER		TECHNOLOGY	software|generalist|2	Practitioner	site reliability engineer	title	13	120-200k	2023
	exact		ACCOUNT MANAGER		CONTACT CENTRES	sales|account-management|2	Practitioner	account manager	title	12	51-85k	2023
	exact	Y	Catering Manager			hospitality|generalist|4	Manager	catering manager	title	12	66-100k	FY22/23
	exact	Y	CATERING MANAGER		SOFT SERVICES	hospitality|generalist|4	Manager	catering manager	title	12	66-110k	FY24/25
	exact	Y	CATERING MANAGER		FACILITIES MANAGEMENT	hospitality|generalist|4	Manager	catering manager	title	12	66-110k	2023
	exact	Y	Cleaning Operations Manager			facilities|generalist|4	Manager	cleaning operations manager	title	12	71-122k	FY22/23
	exact		CLEANING OPERATIONS MANAGER		SOFT SERVICES	facilities|generalist|4	Manager	cleaning operations manager	title	12	75-180k	FY24/25
	exact		CLEANING OPERATIONS MANAGER		FACILITIES MANAGEMENT	facilities|generalist|4	Manager	cleaning operations manager	title	12	75-180k	2023
	exact		HEAD OF RISK		COMPLIANCE/RISK	risk|generalist|5	Head / director	head of risk	title	12	122-400k	FY24/25
	exact	Y	REPORTING ANALYST			data|generalist|2	Practitioner	reporting analyst	title	12	55-90k	FY24/25
	exact	Y	REPORTING ANALYST		CONTACT CENTRES	data|generalist|2	Practitioner	reporting analyst	title	12	55-87k	2023
	exact		SALES MANAGER		CONTACT CENTRES	sales|generalist|4	Manager	sales manager	title	12	66-140k	2023
	exact		SERVICE DESK MANAGER		INFRASTRUCTURE	technology|support|4	Manager	service desk manager	title	12	80-140k	FY24/25
	exact		SERVICE DESK MANAGER		TECHNOLOGY	technology|support|4	Manager	service desk manager	title	12	78-140k	2023
	exact		SERVICE DESK TEAM LEADER		INFRASTRUCTURE	technology|support|3	Senior / partner	service desk team leader	title	12	70-130k	FY24/25
	exact		SERVICE DESK TEAM LEADER		TECHNOLOGY	technology|support|3	Senior / partner	service desk team leader	title	12	70-130k	2023
	exact	Y	Solution Architect			technology|architecture|4	Manager	solution architect	title	12	140-250k	FY22/23
	exact	Y	SOLUTION ARCHITECT		SOFTWARE DEVELOPMENT	technology|architecture|4	Manager	solution architect	title	12	140-250k	FY24/25
	exact	Y	UX/UI Designer			creative|generalist|2	Practitioner	ux ui designer	title	12	80-170k	FY22/23
	exact	Y	UX/UI DESIGNER		SOFTWARE DEVELOPMENT	creative|generalist|2	Practitioner	ux ui designer	title	12	90-180k	FY24/25
	exact	Y	WORKFORCE PLANNER		CONTACT CENTRES	hr|workforce|2	Practitioner	workforce planner	title	12	51-110k	2023
	exact		ACCOUNT DIRECTOR		IT AND TELECOMMUNICATIONS SALES	sales|account-management|4	Manager	account director	title	11	130-200k	FY24/25
	exact		ACCOUNT MANAGER		IT AND TELECOMMUNICATIONS SALES	sales|account-management|2	Practitioner	account manager	title	11	110-160k	FY24/25
	exact		ACCOUNT MANAGER		INDUSTRIAL AND TECHNICAL SALES	sales|account-management|2	Practitioner	account manager	title	11	65-110k	FY24/25
	exact		ACCOUNT MANAGER		SALES NOTES All salaries shown are exclu	sales|account-management|2	Practitioner	account manager	title	11	60-110k	2023
	exact		AREA SALES MANAGER		INDUSTRIAL AND TECHNICAL SALES	sales|generalist|4	Manager	area sales manager	title	11	75-120k	FY24/25
	exact		BUSINESS DEVELOPMENT MANAGER		IT & TELECOMMUNICATIONS SALES	sales|generalist|3	Senior / partner	business development manager	title	11	100-170k	FY24/25
	exact		BUSINESS DEVELOPMENT MANAGER		INDUSTRIAL AND TECHNICAL SALES	sales|generalist|3	Senior / partner	business development manager	title	11	85-150k	FY24/25
	exact		BUSINESS DEVELOPMENT MANAGER		SALES NOTES All salaries shown are exclu	sales|generalist|3	Senior / partner	business development manager	title	11	75-200k	2023
	exact	Y	CATEGORY MANAGER		SALES NOTES All salaries shown are exclu	procurement|buying|4	Manager	category manager	title	11	75-160k	2023
	exact		DIRECTOR OF SALES		SALES NOTES All salaries shown are exclu	sales|generalist|5	Head / director	director of sales	title	11	130-300k	2023
	exact	Y	Head of Risk			risk|generalist|5	Head / director	head of risk	title	11	122-306k	FY22/23
	exact	Y	HEAD OF RISK		ACCOUNTANCY AND FINANCE	risk|generalist|5	Head / director	head of risk	title	11	122-400k	2023
	exact		HEAD OF SALES		IT AND TELECOMMUNICATIONS SALES	sales|generalist|5	Head / director	head of sales	title	11	170-230k	FY24/25
	exact		NATIONAL ACCOUNT MANAGER		INDUSTRIAL AND TECHNICAL SALES	sales|account-management|3	Senior / partner	national account manager	title	11	85-160k	FY24/25
	exact		NATIONAL ACCOUNT MANAGER		SALES NOTES All salaries shown are exclu	sales|account-management|3	Senior / partner	national account manager	title	11	80-150k	2023
	exact		NATIONAL SALES MANAGER		SALES NOTES All salaries shown are exclu	sales|generalist|5	Head / director	national sales manager	title	11	95-225k	2023
	exact		SALES CONSULTANT		IT & TELECOMMUNICATIONS SALES	sales|generalist|2	Practitioner	sales consultant	title	11	120-160k	FY24/25
	exact		SALES DIRECTOR		IT AND TELECOMMUNICATIONS SALES	sales|generalist|5	Head / director	sales director	title	11	180-250k	FY24/25
	exact		SALES MANAGER		IT AND TELECOMMUNICATIONS SALES	sales|generalist|4	Manager	sales manager	title	11	160-220k	FY24/25
	exact		SALES REPRESENTATIVE		INDUSTRIAL AND TECHNICAL SALES	sales|generalist|2	Practitioner	sales representative	title	11	60-100k	FY24/25
	exact		SENIOR ACCOUNT MANAGER		SALES NOTES All salaries shown are exclu	sales|account-management|3	Senior / partner	senior account manager	title	11	70-135k	2023
	exact		SOLUTION ARCHITECT		TECHNOLOGY	technology|architecture|4	Manager	solution architect	title	11	140-250k	2023
	exact		TERRITORY MANAGER		SALES NOTES All salaries shown are exclu	sales|generalist|2	Practitioner	territory manager	title	11	65-105k	2023
	exact	Y	UX/UI DESIGNER		TECHNOLOGY	creative|generalist|2	Practitioner	ux ui designer	title	11	82-180k	2023
	exact		DESIGN ENGINEER		RENEWABLE ENERGY	engineering|generalist|2	Practitioner	design engineer	title	10	140-250k	FY24/25
	exact	Y	Director of Sales			sales|generalist|5	Head / director	director of sales	title	10	97-300k	FY22/23
	exact		ELECTRICAL DESIGN ENGINEER		SUSTAINABILITY AND ENVIRONMENTAL	engineering|electrical|2	Practitioner	electrical design engineer	title	10	102-180k	2023
	exact		ELECTRICAL ENGINEER		SUSTAINABILITY AND ENVIRONMENTAL	engineering|electrical|2	Practitioner	electrical engineer	title	10	120-357k	2023
	exact		ENGINEER		ENVIRONMENTAL	engineering|generalist|2	Practitioner	engineer	title	10	140-245k	FY24/25
	exact	Y	ENVIRONMENTAL OFFICER		SUSTAINABILITY AND ENVIRONMENTAL	science|environmental|2	Practitioner	environmental officer	title	10	60-130k	2023
	exact	Y	National Sales Manager			sales|generalist|5	Head / director	national sales manager	title	10	87-225k	FY22/23
	exact		PARALEGAL		PRIVATE PRACTICE - TOP TIER	legal|generalist|1	Entry / support	paralegal	title	10	60-170k	FY24/25
	exact		PARALEGAL		PRIVATE PRACTICE - MID TIER	legal|generalist|1	Entry / support	paralegal	title	10	55-160k	FY24/25
	exact		PARALEGAL		PRIVATE PRACTICE - SMALL PRACTICES	legal|generalist|1	Entry / support	paralegal	title	10	55-155k	FY24/25
	exact		PR COORDINATOR		MARKETING AND DIGITAL	marketing|communications|1	Entry / support	pr coordinator	title	10	55-90k	2023
	exact		PR MANAGER		MARKETING AND DIGITAL	marketing|communications|4	Manager	pr manager	title	10	70-145k	2023
	exact		SENIOR ELECTRICAL DESIGN ENGINEER		SUSTAINABILITY AND ENVIRONMENTAL	engineering|electrical|3	Senior / partner	senior electrical design engineer	title	10	140-220k	2023
	exact	Y	BUSINESS ANALYST			product|generalist|2	Practitioner	business analyst	title	9	71-143k	FY24/25
	exact	Y	BUSINESS ANALYST		POLICY AND STRATEGY	product|generalist|2	Practitioner	business analyst	title	9	71-143k	2023
	exact	Y	COMPLIANCE OFFICER			risk|compliance|2	Practitioner	compliance officer	title	9	65-120k	FY24/25
	exact		COMPLIANCE OFFICER		POLICY AND STRATEGY	risk|compliance|2	Practitioner	compliance officer	title	9	65-120k	2023
	exact	Y	DATA ANALYST			data|generalist|2	Practitioner	data analyst	title	9	61-120k	FY24/25
	exact	Y	DATA ANALYST		POLICY AND STRATEGY	data|generalist|2	Practitioner	data analyst	title	9	61-120k	2023
	exact	Y	GOVERNMENT RELATIONS MANAGER		POLICY AND STRATEGY	community|generalist|4	Manager	government relations manager	title	9	92-170k	2023
	exact	Y	MINISTERIAL LIAISON OFFICER			policy|generalist|2	Practitioner	ministerial liaison officer	title	9	65-120k	FY24/25
	exact	Y	MINISTERIAL LIAISON OFFICER		POLICY AND STRATEGY	policy|generalist|2	Practitioner	ministerial liaison officer	title	9	65-120k	2023
	exact		PARALEGAL		IN-HOUSE	legal|generalist|1	Entry / support	paralegal	title	9	60-170k	FY24/25
	exact	Y	POLICY MANAGER		POLICY AND STRATEGY	policy|generalist|4	Manager	policy manager	title	9	92-170k	2023
	exact	Y	PROGRAMME MANAGER*		POLICY AND STRATEGY	project|generalist|4	Manager	programme manager	title	9	75-180k	2023
	exact	Y	PROJECT MANAGER*		POLICY AND STRATEGY	project|generalist|3	Senior / partner	project manager	title	9	87-180k	2023
	exact	Y	PROJECT OFFICER*		POLICY AND STRATEGY	project|generalist|2	Practitioner	project officer	title	9	61-110k	2023
	exact	Y	RISK ADVISOR			risk|generalist|2	Practitioner	risk advisor	title	9	70-140k	FY24/25
	exact		RISK ADVISOR		POLICY AND STRATEGY	risk|generalist|2	Practitioner	risk advisor	title	9	70-140k	2023
	exact	Y	Account Executive			sales|generalist|2	Practitioner	account executive	title	8	49-85k	FY22/23
	exact		ADMINISTRATOR		SUPERANNUATION AND FUNDS MANAGEMENT	admin|generalist|1	Entry / support	administrator	title	8	55-75k	FY24/25
	exact	Y	ADMINISTRATOR		BANKING	admin|generalist|1	Entry / support	administrator	title	8	55-75k	2023
	exact		ASSISTANT RELATIONSHIP MANAGER		BANKING	banking|relationship|3	Senior / partner	assistant relationship manager	title	8	65-100k	2023
	exact	Y	BID WRITER		MARKETING	creative|media|2	Practitioner	bid writer	title	8	70-140k	FY24/25
	exact	Y	BID WRITER		MARKETING AND DIGITAL	creative|media|2	Practitioner	bid writer	title	8	70-140k	2023
	exact	Y	BOILERMAKER/WELDER		MANUFACTURING AND OPERATIONS	trades|fabrication|2	Practitioner	boilermaker welder	title	8	70-120k	FY24/25
	exact	Y	BOILERMAKER/WELDER		MANUFACTURING AND OPERATIONS	trades|fabrication|2	Practitioner	boilermaker welder	title	8	49-120k	2023
	exact		BRAND MANAGER		MARKETING	marketing|generalist|3	Senior / partner	brand manager	title	8	90-140k	FY24/25
	exact		BRAND MANAGER		MARKETING AND DIGITAL	marketing|generalist|3	Senior / partner	brand manager	title	8	85-150k	2023
	exact		BUSINESS DEVELOPMENT MANAGER		ASSET FINANCE	sales|generalist|3	Senior / partner	business development manager	title	8	85-160k	FY24/25
	exact		BUSINESS DEVELOPMENT MANAGER		SUPERANNUATION AND FUNDS MANAGEMENT	sales|generalist|3	Senior / partner	business development manager	title	8	90-170k	FY24/25
	exact	Y	BUSINESS DEVELOPMENT MANAGER		BANKING	sales|generalist|3	Senior / partner	business development manager	title	8	95-165k	2023
	exact	Y	BUSINESS DEVELOPMENT MANAGER		BANKING	sales|generalist|3	Senior / partner	business development manager	title	8	85-150k	2023
	exact	Y	BUSINESS DEVELOPMENT MANAGER		BANKING	sales|generalist|3	Senior / partner	business development manager	title	8	80-158k	2023
	exact		CATEGORY MANAGER		PROCUREMENT	procurement|buying|4	Manager	category manager	title	8	100-200k	2023
	exact	Y	COMMERCIAL MANAGER		PROCUREMENT	commercial|generalist|4	Manager	commercial manager	title	8	120-260k	2023
	exact		COMMUNICATIONS ADVISOR		MARKETING	marketing|communications|2	Practitioner	communications advisor	title	8	80-130k	FY24/25
	exact		COMMUNICATIONS ADVISOR		MARKETING AND DIGITAL	marketing|communications|2	Practitioner	communications advisor	title	8	80-135k	2023
	exact		COMMUNICATIONS MANAGER		MARKETING	marketing|communications|4	Manager	communications manager	title	8	100-170k	FY24/25
	exact		COMMUNICATIONS MANAGER		MARKETING AND DIGITAL	marketing|communications|4	Manager	communications manager	title	8	100-160k	2023
	exact	Y	CONTRACT ADMINISTRATOR		PROCUREMENT	commercial|generalist|2	Practitioner	contract administrator	title	8	80-150k	2023
	exact	Y	CONTRACT MANAGER		PROCUREMENT	commercial|generalist|4	Manager	contract manager	title	8	100-220k	2023
	exact		CREDIT ANALYST		LENDING OPERATIONS	banking|lending|2	Practitioner	credit analyst	title	8	55-120k	FY24/25
	exact		CREDIT ANALYST		ASSET FINANCE	banking|lending|2	Practitioner	credit analyst	title	8	55-110k	FY24/25
	exact		CREDIT ANALYST		BANKING	banking|lending|2	Practitioner	credit analyst	title	8	51-110k	2023
	exact		CREDIT ANALYST		BANKING	banking|lending|2	Practitioner	credit analyst	title	8	55-110k	2023
	exact		DIGITAL MARKETING COORDINATOR		DIGITAL	marketing|generalist|1	Entry / support	digital marketing coordinator	title	8	70-100k	FY24/25
	exact		DIGITAL MARKETING COORDINATOR		MARKETING AND DIGITAL	marketing|generalist|1	Entry / support	digital marketing coordinator	title	8	70-100k	2023
	exact		DIGITAL MARKETING EXECUTIVE		DIGITAL	marketing|generalist|2	Practitioner	digital marketing executive	title	8	74-120k	FY24/25
	exact		DIGITAL MARKETING EXECUTIVE		MARKETING AND DIGITAL	marketing|generalist|2	Practitioner	digital marketing executive	title	8	74-120k	2023
	exact		DIGITAL MARKETING MANAGER		DIGITAL	marketing|generalist|4	Manager	digital marketing manager	title	8	100-180k	FY24/25
	exact		DIGITAL MARKETING MANAGER		MARKETING AND DIGITAL	marketing|generalist|4	Manager	digital marketing manager	title	8	90-180k	2023
	exact	Y	DIGITAL PRODUCT OWNER		DIGITAL	product|product|3	Senior / partner	digital product owner	title	8	90-160k	FY24/25
	exact	Y	DIGITAL PRODUCT OWNER		MARKETING AND DIGITAL	product|product|3	Senior / partner	digital product owner	title	8	90-155k	2023
	exact		DISTRIBUTION CENTRE MANAGER		LOGISTICS	logistics|generalist|4	Manager	distribution centre manager	title	8	66-155k	2023
	exact	Y	Electrical Engineer			engineering|electrical|2	Practitioner	electrical engineer	title	8	77-140k	FY22/23
	exact	Y	ELECTRICAL ENGINEER		MAINTENANCE AND ENGINEERING	engineering|electrical|2	Practitioner	electrical engineer	title	8	80-150k	FY24/25
	exact	Y	ELECTRICIAN		MANUFACTURING AND OPERATIONS	trades|electrical|2	Practitioner	electrician	title	8	70-125k	2023
	exact		FINANCIAL PLANNER		BANKING	banking|advice|2	Practitioner	financial planner	title	8	82-130k	2023
	exact		FLEET MANAGER		TRANSPORT	logistics|driving|4	Manager	fleet manager	title	8	70-150k	FY24/25
	exact		FLEET MANAGER		LOGISTICS	logistics|driving|4	Manager	fleet manager	title	8	61-120k	2023
	exact	Y	GRAPHIC DESIGNER		MARKETING	creative|generalist|2	Practitioner	graphic designer	title	8	70-125k	FY24/25
	exact	Y	GRAPHIC DESIGNER		MARKETING AND DIGITAL	creative|generalist|2	Practitioner	graphic designer	title	8	70-125k	2023
	exact		HR ADMIN			hr|generalist|1	Entry / support	hr admin	title	8	60-85k	FY24/25
	exact		HR ADVISOR			hr|generalist|2	Practitioner	hr advisor	title	8	80-130k	FY24/25
	exact		HR BUSINESS PARTNER			hr|generalist|3	Senior / partner	hr business partner	title	8	95-170k	FY24/25
	exact		HR COORDINATOR			hr|generalist|1	Entry / support	hr coordinator	title	8	65-95k	FY24/25
	exact		LEARNING & DEVELOPMENT COORDINATOR			hr|learning|1	Entry / support	learning and development coordinator	title	8	65-100k	FY24/25
	exact		LEARNING & DEVELOPMENT COORDINATOR		HUMAN RESOURCES NOTES All salaries shown	hr|learning|1	Entry / support	learning and development coordinator	title	8	50-100k	2023
	exact		LEARNING & DEVELOPMENT MANAGER			hr|learning|4	Manager	learning and development manager	title	8	100-200k	FY24/25
	exact		LEARNING & DEVELOPMENT MANAGER		HUMAN RESOURCES NOTES All salaries shown	hr|learning|4	Manager	learning and development manager	title	8	92-200k	2023
	exact	Y	Maintenance Electrician			trades|electrical|2	Practitioner	maintenance electrician	title	8	70-120k	FY22/23
	exact		MAINTENANCE ELECTRICIAN		MAINTENANCE AND ENGINEERING	trades|electrical|2	Practitioner	maintenance electrician	title	8	80-140k	FY24/25
	exact	Y	Maintenance Fitter			trades|mechanical|2	Practitioner	maintenance fitter	title	8	60-120k	FY22/23
	exact		MAINTENANCE FITTER		MAINTENANCE AND ENGINEERING	trades|mechanical|2	Practitioner	maintenance fitter	title	8	75-120k	FY24/25
	exact	Y	Maintenance Planner			trades|mechanical|2	Practitioner	maintenance planner	title	8	71-120k	FY22/23
	exact		MAINTENANCE PLANNER		MAINTENANCE AND ENGINEERING	trades|mechanical|2	Practitioner	maintenance planner	title	8	71-140k	FY24/25
	exact		MARKETING COORDINATOR		MARKETING	marketing|generalist|1	Entry / support	marketing coordinator	title	8	60-90k	FY24/25
	exact		MARKETING COORDINATOR		MARKETING AND DIGITAL	marketing|generalist|1	Entry / support	marketing coordinator	title	8	60-80k	2023
	exact		MARKETING DIRECTOR		MARKETING	marketing|generalist|5	Head / director	marketing director	title	8	130-255k	FY24/25
	exact		MARKETING DIRECTOR		MARKETING AND DIGITAL	marketing|generalist|5	Head / director	marketing director	title	8	120-255k	2023
	exact		MARKETING EXECUTIVE		MARKETING	marketing|generalist|2	Practitioner	marketing executive	title	8	75-110k	FY24/25
	exact		MARKETING EXECUTIVE		MARKETING AND DIGITAL	marketing|generalist|2	Practitioner	marketing executive	title	8	70-100k	2023
	exact		MARKETING MANAGER		MARKETING	marketing|generalist|4	Manager	marketing manager	title	8	90-150k	FY24/25
	exact		MARKETING MANAGER		MARKETING AND DIGITAL	marketing|generalist|4	Manager	marketing manager	title	8	90-150k	2023
	exact	Y	MECHANIC		TRANSPORT	trades|mechanical|2	Practitioner	mechanic	title	8	61-130k	FY24/25
	exact	Y	MECHANIC		LOGISTICS	trades|mechanical|2	Practitioner	mechanic	title	8	61-112k	2023
	exact		MR/HR DRIVER		TRANSPORT	logistics|driving|1	Entry / support	mr driver	title	8	50-90k	FY24/25
	exact		MR/HR DRIVER		LOGISTICS	logistics|driving|1	Entry / support	mr driver	title	8	46-80k	2023
	exact		ORGANISATIONAL DEVELOPMENT ADVISOR			hr|learning|2	Practitioner	organisational development advisor	title	8	75-165k	FY24/25
	exact		ORGANISATIONAL DEVELOPMENT ADVISOR		HUMAN RESOURCES NOTES All salaries shown	hr|learning|2	Practitioner	organisational development advisor	title	8	71-165k	2023
	exact		ORGANISATIONAL DEVELOPMENT MANAGER			hr|learning|4	Manager	organisational development manager	title	8	110-250k	FY24/25
	exact		ORGANISATIONAL DEVELOPMENT MANAGER		HUMAN RESOURCES NOTES All salaries shown	hr|learning|4	Manager	organisational development manager	title	8	102-250k	2023
	exact		PARAPLANNER		BANKING	banking|advice|1	Entry / support	paraplanner	title	8	61-110k	2023
	exact		PROCUREMENT ANALYST		PROCUREMENT	procurement|generalist|2	Practitioner	procurement analyst	title	8	80-140k	2023
	exact		PROCUREMENT MANAGER		PROCUREMENT	procurement|generalist|4	Manager	procurement manager	title	8	120-220k	2023
	exact		PROCUREMENT OFFICER		PROCUREMENT	procurement|generalist|2	Practitioner	procurement officer	title	8	65-120k	2023
	exact	Y	PRODUCT MANAGER		MARKETING	product|product|3	Senior / partner	product manager	title	8	80-150k	FY24/25
	exact		PRODUCTION MANAGER		MANUFACTURING AND OPERATIONS	operations|generalist|4	Manager	production manager	title	8	80-180k	FY24/25
	exact		PRODUCTION MANAGER		MANUFACTURING AND OPERATIONS	operations|generalist|4	Manager	production manager	title	8	77-145k	2023
	exact		PRODUCTION SUPERVISOR		MANUFACTURING AND OPERATIONS	operations|generalist|3	Senior / partner	production supervisor	title	8	65-125k	FY24/25
	exact		PRODUCTION SUPERVISOR		MANUFACTURING AND OPERATIONS	operations|generalist|3	Senior / partner	production supervisor	title	8	64-125k	2023
	exact	Y	PROJECT MANAGER		LOGISTICS	project|generalist|3	Senior / partner	project manager	title	8	71-140k	2023
	exact		PURCHASING MANAGER		PROCUREMENT	procurement|generalist|4	Manager	purchasing manager	title	8	85-140k	2023
	exact		RECRUITMENT ADVISOR			hr|talent-acquisition|2	Practitioner	recruitment advisor	title	8	75-150k	FY24/25
	exact		RECRUITMENT ADVISOR		HUMAN RESOURCES NOTES All salaries shown	hr|talent-acquisition|2	Practitioner	recruitment advisor	title	8	71-140k	2023
	exact		RECRUITMENT COORDINATOR			hr|talent-acquisition|1	Entry / support	recruitment coordinator	title	8	65-110k	FY24/25
	exact		RECRUITMENT COORDINATOR		HUMAN RESOURCES NOTES All salaries shown	hr|talent-acquisition|1	Entry / support	recruitment coordinator	title	8	60-105k	2023
	exact		RELATIONSHIP MANAGER		BANKING	banking|relationship|3	Senior / partner	relationship manager	title	8	75-150k	2023
	exact	Y	Reliability Engineer			engineering|mechanical|2	Practitioner	reliability engineer	title	8	77-130k	FY22/23
	exact		REMUNERATION & BENEFITS ADVISOR			hr|reward|2	Practitioner	remuneration and benefits advisor	title	8	90-140k	FY24/25
	exact		REMUNERATION & BENEFITS ADVISOR		HUMAN RESOURCES NOTES All salaries shown	hr|reward|2	Practitioner	remuneration and benefits advisor	title	8	66-140k	2023
	exact		REMUNERATION & BENEFITS MANAGER			hr|reward|4	Manager	remuneration and benefits manager	title	8	95-218k	FY24/25
	exact		REMUNERATION & BENEFITS MANAGER		HUMAN RESOURCES NOTES All salaries shown	hr|reward|4	Manager	remuneration and benefits manager	title	8	92-218k	2023
	exact		SENIOR CREDIT ANALYST		LENDING OPERATIONS	banking|lending|3	Senior / partner	senior credit analyst	title	8	64-130k	FY24/25
	exact		SENIOR CREDIT ANALYST		ASSET FINANCE	banking|lending|3	Senior / partner	senior credit analyst	title	8	65-150k	FY24/25
	exact		SENIOR CREDIT ANALYST		BANKING	banking|lending|3	Senior / partner	senior credit analyst	title	8	64-140k	2023
	exact		SENIOR CREDIT ANALYST		BANKING	banking|lending|3	Senior / partner	senior credit analyst	title	8	64-150k	2023
	exact		SENIOR HR BUSINESS PARTNER			hr|generalist|3	Senior / partner	senior hr business partner	title	8	110-225k	FY24/25
	exact		SENIOR MARKETING MANAGER		MARKETING	marketing|generalist|4	Manager	senior marketing manager	title	8	105-175k	FY24/25
	exact		SENIOR MARKETING MANAGER		MARKETING AND DIGITAL	marketing|generalist|4	Manager	senior marketing manager	title	8	100-175k	2023
	exact		SENIOR PARAPLANNER		BANKING	banking|advice|1	Entry / support	senior paraplanner	title	8	71-135k	2023
	exact		SENIOR PROCUREMENT OFFICER		PROCUREMENT	procurement|generalist|3	Senior / partner	senior procurement officer	title	8	85-140k	2023
	exact		SOCIAL MEDIA MANAGER		DIGITAL	marketing|generalist|4	Manager	social media manager	title	8	85-155k	FY24/25
	exact		SOCIAL MEDIA MANAGER		MARKETING AND DIGITAL	marketing|generalist|4	Manager	social media manager	title	8	85-155k	2023
	exact		STOREPERSON		LOGISTICS	logistics|generalist|1	Entry / support	storeperson	title	8	45-120k	2023
	exact		STRATEGIC SOURCING MANAGER		PROCUREMENT	procurement|generalist|4	Manager	strategic sourcing manager	title	8	120-200k	2023
	exact		TRANSPORT MANAGER		TRANSPORT	logistics|driving|4	Manager	transport manager	title	8	80-160k	FY24/25
	exact		TRANSPORT MANAGER		LOGISTICS	logistics|driving|4	Manager	transport manager	title	8	77-163k	2023
	exact		WAREHOUSE COORDINATOR		LOGISTICS	logistics|generalist|2	Practitioner	warehouse coordinator	title	8	48-120k	2023
	exact		WAREHOUSE MANAGER		LOGISTICS	logistics|generalist|4	Manager	warehouse manager	title	8	56-140k	2023
	exact		WAREHOUSE SUPERVISOR		LOGISTICS	logistics|generalist|3	Senior / partner	warehouse supervisor	title	8	50-120k	2023
	exact	Y	WHS COORDINATOR			hse|generalist|1	Entry / support	whs coordinator	title	8	70-110k	FY24/25
	exact	Y	WHS COORDINATOR		HUMAN RESOURCES NOTES All salaries shown	hse|generalist|1	Entry / support	whs coordinator	title	8	66-110k	2023
	exact		WORKFORCE PLANNER		HUMAN RESOURCES NOTES All salaries shown	hr|workforce|2	Practitioner	workforce planner	title	8	71-170k	2023
	exact	Y	Account Director			sales|account-management|4	Manager	account director	title	7	110-210k	FY22/23
	exact		PARALEGAL		LEGAL	legal|generalist|1	Entry / support	paralegal	title	7	52-100k	2023
	exact		PARALEGAL		LEGAL	legal|generalist|1	Entry / support	paralegal	title	7	52-85k	2023
	exact		PARALEGAL		LEGAL	legal|generalist|1	Entry / support	paralegal	title	7	48-85k	2023
	exact	Y	PRODUCT MANAGER		MARKETING AND DIGITAL	product|product|3	Senior / partner	product manager	title	7	80-150k	2023
	exact	Y	Senior Account Executive			sales|generalist|3	Senior / partner	senior account executive	title	7	70-120k	FY22/23
	exact	Y	Social Media Manager			marketing|generalist|4	Manager	social media manager	title	7	75-155k	FY22/23
	exact	Y	Account Manager			sales|account-management|2	Practitioner	account manager	title	6	80-140k	FY22/23
	exact		ASSISTANT RELATIONSHIP MANAGER		BANKING	banking|relationship|3	Senior / partner	assistant relationship manager	title	6	65-130k	2023
	exact	Y	BUSINESS DEVELOPMENT MANAGER		BANKING	sales|generalist|3	Senior / partner	business development manager	title	6	112-180k	2023
	exact		CLAIMS ASSESSOR		WORKERS COMPENSATION	insurance|claims|2	Practitioner	claims assessor	title	6	55-75k	FY24/25
	exact		CLAIMS ASSESSOR		INSURANCE	insurance|claims|2	Practitioner	claims assessor	title	6	55-70k	2023
	exact		RELATIONSHIP MANAGER		BANKING	banking|relationship|3	Senior / partner	relationship manager	title	6	87-170k	2023
	exact		SENIOR RELATIONSHIP MANAGER		BANKING	banking|relationship|4	Manager	senior relationship manager	title	6	100-220k	2023
	exact		CASE MANAGER		WORKERS COMPENSATION	care|social-work|2	Practitioner	case manager	title	5	63-95k	FY24/25
	exact	Y	CASE MANAGER		INSURANCE	care|social-work|2	Practitioner	case manager	title	5	55-95k	2023
	exact		SENIOR CASE MANAGER		WORKERS COMPENSATION	care|social-work|3	Senior / partner	senior case manager	title	5	73-125k	FY24/25
	exact	Y	SENIOR CASE MANAGER		INSURANCE	care|social-work|3	Senior / partner	senior case manager	title	5	65-120k	2023
	exact		SENIOR LEGAL COUNSEL		IN-HOUSE	legal|in-house|3	Senior / partner	senior legal counsel	title	5	160-250k	FY24/25
	exact		CLAIMS ADMINISTRATOR		LIFE INSURANCE	insurance|claims|1	Entry / support	claims administrator	title	4	55-75k	FY24/25
	exact		CLAIMS ADMINISTRATOR		INSURANCE	insurance|claims|1	Entry / support	claims administrator	title	4	52-70k	2023
	exact		SPECIAL COUNSEL		LEGAL	legal|generalist|4	Manager	special counsel	title	4	135-225k	2023
	exact		CLAIMS ASSESSOR		LIFE INSURANCE	insurance|claims|2	Practitioner	claims assessor	title	3	70-95k	FY24/25
	exact		CLAIMS ASSESSOR		INSURANCE	insurance|claims|2	Practitioner	claims assessor	title	3	55-95k	2023
	exact		SENIOR UNDERWRITER		LIFE INSURANCE	insurance|underwriting|3	Senior / partner	senior underwriter	title	3	71-150k	FY24/25
	exact		SENIOR UNDERWRITER		INSURANCE	insurance|underwriting|3	Senior / partner	senior underwriter	title	3	71-150k	2023
	exact		SPECIAL COUNSEL		LEGAL	legal|generalist|4	Manager	special counsel	title	3	185-300k	2023
	exact		SPECIAL COUNSEL		LEGAL	legal|generalist|4	Manager	special counsel	title	3	150-250k	2023
	exact		UNDERWRITER		LIFE INSURANCE	insurance|underwriting|2	Practitioner	underwriter	title	3	57-110k	FY24/25
	exact		UNDERWRITER		INSURANCE	insurance|underwriting|2	Practitioner	underwriter	title	3	57-110k	2023
	exact		UNDERWRITING ASSISTANT		LIFE INSURANCE	insurance|underwriting|1	Entry / support	underwriting assistant	title	3	55-75k	FY24/25
	exact		UNDERWRITING ASSISTANT		INSURANCE	insurance|underwriting|1	Entry / support	underwriting assistant	title	3	55-75k	2023
	exact		UNDERWRITING MANAGER		LIFE INSURANCE	insurance|underwriting|4	Manager	underwriting manager	title	3	90-200k	FY24/25
	exact		UNDERWRITING MANAGER		INSURANCE	insurance|underwriting|4	Manager	underwriting manager	title	3	84-200k	2023
	exact		FINANCE MANAGER		ACCOUNTANCY AND FINANCE	finance|generalist|4	Manager	finance manager	title	1	120-145k	2023
	exact		PARALEGAL		LEGAL	legal|generalist|1	Entry / support	paralegal	title	1	52-75k	2023
	placed		ASSISTANT ACCOUNTANT 4+ years		ACCOUNTANCY AND FINANCE	finance|generalist|1	Entry / support	assistant accountant 4 years	title	56	61-120k	2023
	placed		ASSISTANT ACCOUNTANT Up to 2 years		ACCOUNTANCY AND FINANCE	finance|generalist|1	Entry / support	assistant accountant up to 2 years	title	56	46-100k	2023
	placed		ACCOUNTS PAYABLE		ACCOUNTANCY AND FINANCE	finance|generalist|1	Entry / support	accounts payable	title	28	61-130k	2023
	placed		ASSISTANT ACCOUNTANT 2 - 4 years		ACCOUNTANCY AND FINANCE	finance|generalist|1	Entry / support	assistant accountant 2	title	28	56-80k	2023
	placed	Y	ELECTRONICS ENGINEER		MANUFACTURING AND OPERATIONS	engineering|generalist|2	Practitioner	electronics engineer	title	16	77-140k	2023
	placed		ACCOUNTS PAYABLE		COMMERCE AND INDUSTRY	finance|generalist|1	Entry / support	accounts payable	title	15	70-110k	FY24/25
	placed		FINANCIAL ACCOUNTANT Turnover > $300m		COMMERCE AND INDUSTRY	finance|generalist|2	Practitioner	financial accountant turnover 300m	title	15	95-190k	FY24/25
	placed		FINANCIAL ACCOUNTANT Turnover $100m - $300m		COMMERCE AND INDUSTRY	finance|generalist|2	Practitioner	financial accountant turnover 100m	title	15	85-180k	FY24/25
	placed		FINANCIAL ACCOUNTANT Turnover up to $100m		COMMERCE AND INDUSTRY	finance|generalist|2	Practitioner	financial accountant turnover up to 100m	title	15	75-150k	FY24/25
	placed		FINANCIAL ANALYST Turnover > $300m		COMMERCE AND INDUSTRY	finance|fpa|2	Practitioner	financial analyst turnover 300m	title	15	95-175k	FY24/25
	placed		FINANCIAL ANALYST Turnover $100m - $300m		COMMERCE AND INDUSTRY	finance|fpa|2	Practitioner	financial analyst turnover 100m	title	15	90-150k	FY24/25
	placed		FINANCIAL ANALYST Turnover up to $100m		COMMERCE AND INDUSTRY	finance|fpa|2	Practitioner	financial analyst turnover up to 100m	title	15	90-125k	FY24/25
	placed		FINANCIAL SYSTEMS MANAGER		COMMERCE AND INDUSTRY	finance|generalist|4	Manager	financial systems manager	title	15	115-210k	FY24/25
	placed		MANAGEMENT ACCOUNTANT Turnover > $300m		COMMERCE AND INDUSTRY	finance|generalist|2	Practitioner	management accountant turnover 300m	title	15	90-180k	FY24/25
	placed		MANAGEMENT ACCOUNTANT Turnover $100m - $300m		COMMERCE AND INDUSTRY	finance|generalist|2	Practitioner	management accountant turnover 100m	title	15	85-160k	FY24/25
	placed		MANAGEMENT ACCOUNTANT Turnover up to $100m		COMMERCE AND INDUSTRY	finance|generalist|2	Practitioner	management accountant turnover up to 100m	title	15	80-140k	FY24/25
	placed		MANAGER/HEAD OF FINANCIAL PLANNING ANALYSIS		COMMERCE AND INDUSTRY	finance|generalist|5	Head / director	manager head of financial planning analysis	title	15	125-300k	FY24/25
	placed		SYSTEMS ACCOUNTANT		COMMERCE AND INDUSTRY	finance|generalist|2	Practitioner	systems accountant	title	15	95-185k	FY24/25
	placed		TREASURY ACCOUNTANT Turnover > $300m		COMMERCE AND INDUSTRY	finance|treasury|2	Practitioner	treasury accountant turnover 300m	title	15	90-170k	FY24/25
	placed		TREASURY ACCOUNTANT Turnover $100m - $300m		COMMERCE AND INDUSTRY	finance|treasury|2	Practitioner	treasury accountant turnover 100m	title	15	85-140k	FY24/25
	placed		TREASURY ACCOUNTANT Turnover up to $100m		COMMERCE AND INDUSTRY	finance|treasury|2	Practitioner	treasury accountant turnover up to 100m	title	15	80-120k	FY24/25
	placed		ACCOUNTS RECEIVABLE/ BILLING OFFICER		ACCOUNTANCY AND FINANCE	finance|generalist|1	Entry / support	accounts receivable billing officer	title	14	51-85k	2023
	placed		ARCHITECT 5 - 10 years exp		ARCHITECTURE	architecture|generalist|2	Practitioner	architect 5	title	14	67-130k	2023
	placed		ARCHITECTURAL TECHNICIAN/ DRAFTER		ARCHITECTURE	architecture|drafting|2	Practitioner	architectural technician drafter	title	14	57-125k	2023
	placed	Y	CLIENT SIDE PROJECT DIRECTOR			project|generalist|5	Head / director	client side project director	title	14	130-300k	FY24/25
	placed	Y	CLIENT SIDE PROJECT DIRECTOR		PROPERTY	project|generalist|5	Head / director	client side project director	title	14	120-255k	2023
	placed	Y	CLIENT SIDE PROJECT MANAGER 0-3 years exp			project|generalist|3	Senior / partner	client side project manager 0 3 years exp	title	14	70-120k	FY24/25
	placed	Y	CLIENT SIDE PROJECT MANAGER 0-3 years exp		PROPERTY	project|generalist|3	Senior / partner	client side project manager 0 3 years exp	title	14	65-122k	2023
	placed	Y	CLIENT SIDE PROJECT MANAGER 3+ years exp			project|generalist|3	Senior / partner	client side project manager 3 years exp	title	14	87-250k	FY24/25
	placed	Y	CLIENT SIDE PROJECT MANAGER 3+ years exp		PROPERTY	project|generalist|3	Senior / partner	client side project manager 3 years exp	title	14	85-184k	2023
	placed	Y	COMMERCIAL MANAGER Turnover > $100m		ACCOUNTANCY AND FINANCE	commercial|generalist|4	Manager	commercial manager turnover 100m	title	14	120-182k	2023
	placed	Y	COMMERCIAL MANAGER Turnover $100m - $300m		ACCOUNTANCY AND FINANCE	commercial|generalist|4	Manager	commercial manager turnover 100m	title	14	112-250k	2023
	placed		COMMERCIAL/ INDUSTRIAL/ RETAIL PROPERTY MANAGER 0-3 years exp		PROPERTY	property|generalist|2	Practitioner	commercial industrial retail property manager 0 3 years exp	title	14	49-92k	2023
	placed		COMMERCIAL/ INDUSTRIAL/RETAIL PROPERTY MANAGER 3+ years exp		PROPERTY	property|generalist|2	Practitioner	commercial industrial retail property manager 3 years exp	title	14	56-133k	2023
	placed	Y	Compliance/ Risk Analyst			risk|compliance|2	Practitioner	compliance risk analyst	title	14	71-112k	FY22/23
	placed	Y	Compliance/ Risk Manager			risk|compliance|4	Manager	compliance risk manager	title	14	82-173k	FY22/23
	placed		COMPLIANCE/RISK ANALYSTS		COMPLIANCE/RISK	risk|compliance|2	Practitioner	compliance risk analyst	title	14	71-120k	FY24/25
	placed	Y	COMPLIANCE/RISK ANALYSTS		ACCOUNTANCY AND FINANCE	risk|compliance|2	Practitioner	compliance risk analyst	title	14	71-120k	2023
	placed		COMPLIANCE/RISK MANAGER		COMPLIANCE/RISK	risk|compliance|4	Manager	compliance risk manager	title	14	82-173k	FY24/25
	placed	Y	COMPLIANCE/RISK MANAGER		ACCOUNTANCY AND FINANCE	risk|compliance|4	Manager	compliance risk manager	title	14	82-173k	2023
	placed		CONTRACTS ADMINISTRATOR Residential		OFFICE SUPPORT	commercial|generalist|2	Practitioner	contracts administrator residential	title	14	50-95k	2023
	placed		CONTRACTS ADMINISTRATOR/ QUANTITY SURVEYOR - ENTRY-LEVEL/INTERMEDIATE		CONSTRUCTION	commercial|quantity-surveying|2	Practitioner	contracts administrator quantity surveyor	title	14	50-150k	2023
	placed		CONTRACTS ADMINISTRATOR/ QUANTITY SURVEYOR - SENIOR		CONSTRUCTION	commercial|quantity-surveying|2	Practitioner	contracts administrator quantity surveyor	title	14	90-200k	2023
	placed		CONTRACTS ADMINISTRATOR/QUANTITY SURVEYOR - JUNIOR/INTERMEDIATE		CONSTRUCTION	commercial|quantity-surveying|2	Practitioner	contracts administrator quantity surveyor	title	14	46-140k	2023
	placed		CONTRACTS ADMINISTRATOR/QUANTITY SURVEYOR - SENIOR		CONSTRUCTION	commercial|quantity-surveying|2	Practitioner	contracts administrator quantity surveyor	title	14	80-200k	2023
	placed		CORPORATE ACCOUNTANT Turnover > $300m		ACCOUNTANCY AND FINANCE	finance|generalist|2	Practitioner	corporate accountant turnover 300m	title	14	92-185k	2023
	placed		CORPORATE ACCOUNTANT Turnover $100m - $300m		ACCOUNTANCY AND FINANCE	finance|generalist|2	Practitioner	corporate accountant turnover 100m	title	14	82-150k	2023
	placed		CORPORATE ACCOUNTANT Turnover up to $100m		ACCOUNTANCY AND FINANCE	finance|generalist|2	Practitioner	corporate accountant turnover up to 100m	title	14	71-135k	2023
	placed		DIVISIONAL ACCOUNTANT Turnover > $300m		ACCOUNTANCY AND FINANCE	finance|generalist|2	Practitioner	divisional accountant turnover 300m	title	14	90-185k	2023
	placed		DIVISIONAL ACCOUNTANT Turnover $100m - $300m		ACCOUNTANCY AND FINANCE	finance|generalist|2	Practitioner	divisional accountant turnover 100m	title	14	90-165k	2023
	placed		DIVISIONAL ACCOUNTANT Turnover up to $100m		ACCOUNTANCY AND FINANCE	finance|generalist|2	Practitioner	divisional accountant turnover up to 100m	title	14	80-145k	2023
	placed		ESTIMATOR - JUNIOR/INTERMEDIATE		CONSTRUCTION	commercial|quantity-surveying|2	Practitioner	estimator	title	14	48-150k	2023
	placed		ESTIMATOR - JUNIOR/INTERMEDIATE		CONSTRUCTION	commercial|quantity-surveying|2	Practitioner	estimator	title	14	50-130k	2023
	placed		ESTIMATOR - SENIOR		CONSTRUCTION	commercial|quantity-surveying|2	Practitioner	estimator	title	14	95-275k	2023
	placed		ESTIMATOR - SENIOR		CONSTRUCTION	commercial|quantity-surveying|2	Practitioner	estimator	title	14	90-200k	2023
	placed		FACILITIES ADMINISTRATOR		OFFICE SUPPORT	admin|generalist|1	Entry / support	facilities administrator	title	14	48-80k	2023
	placed		FINANCE MANAGER Turnover > $300m		ACCOUNTANCY AND FINANCE	finance|generalist|4	Manager	finance manager turnover 300m	title	14	112-205k	2023
	placed		FINANCE MANAGER Turnover $100m - $300m		ACCOUNTANCY AND FINANCE	finance|generalist|4	Manager	finance manager turnover 100m	title	14	107-175k	2023
	placed		FINANCE MANAGER Turnover up to $100m		ACCOUNTANCY AND FINANCE	finance|generalist|4	Manager	finance manager turnover up to 100m	title	14	96-160k	2023
	placed		FINANCIAL ACCOUNTANT Turnover > $300m		ACCOUNTANCY AND FINANCE	finance|generalist|2	Practitioner	financial accountant turnover 300m	title	14	85-190k	2023
	placed		FINANCIAL ACCOUNTANT Turnover $100m - $300m		ACCOUNTANCY AND FINANCE	finance|generalist|2	Practitioner	financial accountant turnover 100m	title	14	80-170k	2023
	placed		FINANCIAL ACCOUNTANT Turnover up to $100m		ACCOUNTANCY AND FINANCE	finance|generalist|2	Practitioner	financial accountant turnover up to 100m	title	14	71-140k	2023
	placed		FINANCIAL ANALYST Turnover > $300m		ACCOUNTANCY AND FINANCE	finance|fpa|2	Practitioner	financial analyst turnover 300m	title	14	85-160k	2023
	placed		FINANCIAL ANALYST Turnover $100m - $300m		ACCOUNTANCY AND FINANCE	finance|fpa|2	Practitioner	financial analyst turnover 100m	title	14	85-140k	2023
	placed		FINANCIAL ANALYST Turnover up to $100m		ACCOUNTANCY AND FINANCE	finance|fpa|2	Practitioner	financial analyst turnover up to 100m	title	14	77-120k	2023
	placed		FINANCIAL CONTROLLER Turnover $100m - $300m		ACCOUNTANCY AND FINANCE	finance|generalist|4	Manager	financial controller turnover 100m	title	14	112-220k	2023
	placed		FINANCIAL CONTROLLER Turnover up to $100m		COMMERCE AND INDUSTRY	finance|generalist|4	Manager	financial controller turnover up to 100m	title	14	115-190k	FY24/25
	placed		FINANCIAL CONTROLLER Turnover up to $100m		ACCOUNTANCY AND FINANCE	finance|generalist|4	Manager	financial controller turnover up to 100m	title	14	110-180k	2023
	placed		FINANCIAL REPORTING MANAGER		ACCOUNTANCY AND FINANCE	finance|generalist|4	Manager	financial reporting manager	title	14	92-224k	2023
	placed		FUND/INVESTMENT ACCOUNTANT		COMMERCE AND INDUSTRY FINANCIAL SERVICES	finance|generalist|2	Practitioner	fund investment accountant	title	14	65-120k	FY24/25
	placed		FUND/INVESTMENT ACCOUNTANT		ACCOUNTANCY AND FINANCE	finance|generalist|2	Practitioner	fund investment accountant	title	14	61-110k	2023
	placed		FUND/INVESTMENT ACCOUNTANT ACCOUNTING MANAGER		COMMERCE AND INDUSTRY FINANCIAL SERVICES	finance|generalist|4	Manager	fund investment accountant accounting manager	title	14	90-170k	FY24/25
	placed		FUND/INVESTMENT ACCOUNTANT ACCOUNTING MANAGER		ACCOUNTANCY AND FINANCE	finance|generalist|4	Manager	fund investment accountant accounting manager	title	14	82-170k	2023
	placed		GRADUATE ARCHITECT 2 - 5 years exp		ARCHITECTURE	architecture|generalist|1	Entry / support	graduate architect 2	title	14	60-90k	2023
	placed		GROUP FINANCIAL CONTROLLER/ GM FINANCE* Turnover > $300m		ACCOUNTANCY AND FINANCE	finance|generalist|4	Manager	group financial controller gm finance turnover 300m	title	14	130-315k	2023
	placed	Y	LEASE ADMINISTRATOR		PROPERTY	admin|generalist|1	Entry / support	lease administrator	title	14	45-102k	2023
	placed		MANAGEMENT ACCOUNTANT Turnover > $300m		ACCOUNTANCY AND FINANCE	finance|generalist|2	Practitioner	management accountant turnover 300m	title	14	90-180k	2023
	placed		MANAGEMENT ACCOUNTANT Turnover $100m - $300m		ACCOUNTANCY AND FINANCE	finance|generalist|2	Practitioner	management accountant turnover 100m	title	14	80-150k	2023
	placed		MANAGEMENT ACCOUNTANT Turnover up to $100m		ACCOUNTANCY AND FINANCE	finance|generalist|2	Practitioner	management accountant turnover up to 100m	title	14	75-130k	2023
	placed		MANAGER/HEAD OF FINANCIAL PLANNING ANALYSIS		ACCOUNTANCY AND FINANCE	finance|generalist|5	Head / director	manager head of financial planning analysis	title	14	122-300k	2023
	placed	Y	Operations Risk Analyst			risk|generalist|2	Practitioner	operations risk analyst	title	14	71-133k	FY22/23
	placed		OPERATIONS RISK ANALYST		COMPLIANCE/RISK	risk|generalist|2	Practitioner	operations risk analyst	title	14	71-130k	FY24/25
	placed	Y	OPERATIONS RISK ANALYST		ACCOUNTANCY AND FINANCE	risk|generalist|2	Practitioner	operations risk analyst	title	14	71-140k	2023
	placed	Y	Operations Risk Manager			risk|generalist|4	Manager	operations risk manager	title	14	97-170k	FY22/23
	placed		OPERATIONS RISK MANAGER		COMPLIANCE/RISK	risk|generalist|4	Manager	operations risk manager	title	14	100-170k	FY24/25
	placed	Y	OPERATIONS RISK MANAGER		ACCOUNTANCY AND FINANCE	risk|generalist|4	Manager	operations risk manager	title	14	97-170k	2023
	placed	Y	PA TO PARTNER 1 on 1		ACCOUNTANCY AND FINANCE	admin|executive-assistant|2	Practitioner	pa to partner 1 on 1	title	14	48-100k	2023
	placed	Y	PA TO PARTNERS 2 or 3		ACCOUNTANCY AND FINANCE	admin|executive-assistant|2	Practitioner	pa to partners 2 or 3	title	14	51-100k	2023
	placed		PROJECT ARCHITECT 5 - 10 years exp		ARCHITECTURE	architecture|generalist|3	Senior / partner	project architect 5	title	14	67-140k	2023
	placed		REGULATORY ACCOUNTING MANAGER		ACCOUNTANCY AND FINANCE	finance|generalist|4	Manager	regulatory accounting manager	title	14	92-163k	2023
	placed	Y	REMUNERATION AND PAYROLL MANAGER		COMMERCE AND INDUSTRY	payroll|generalist|4	Manager	remuneration and payroll manager	title	14	90-165k	FY24/25
	placed		RESIDENTIAL PROPERTY MANAGER 0-3 years exp		PROPERTY	property|generalist|2	Practitioner	residential property manager 0 3 years exp	title	14	49-82k	2023
	placed		RESIDENTIAL PROPERTY MANAGER 3+ years exp		PROPERTY	property|generalist|2	Practitioner	residential property manager 3 years exp	title	14	49-102k	2023
	placed		SENIOR ARCHITECT 10+ years exp		ARCHITECTURE	architecture|generalist|3	Senior / partner	senior architect 10 years exp	title	14	82-160k	2023
	placed	Y	SENIOR COMMERCIAL MANAGER/DIRECTOR Turnover > $300m		ACCOUNTANCY AND FINANCE	commercial|generalist|5	Head / director	senior commercial manager director turnover 300m	title	14	133-300k	2023
	placed		SENIOR FUND/INVESTMENT ACCOUNTANT		COMMERCE AND INDUSTRY FINANCIAL SERVICES	finance|generalist|3	Senior / partner	senior fund investment accountant	title	14	75-140k	FY24/25
	placed		SENIOR FUND/INVESTMENT ACCOUNTANT		ACCOUNTANCY AND FINANCE	finance|generalist|3	Senior / partner	senior fund investment accountant	title	14	71-130k	2023
	placed		SITE SECRETARY/ADMINISTRATOR		OFFICE SUPPORT	admin|generalist|2	Practitioner	site secretary administrator	title	14	51-130k	2023
	placed	Y	Specialist Finance Personal Assistant			admin|executive-assistant|2	Practitioner	specialist finance personal assistant	title	14	46-102k	FY22/23
	placed		STATUTORY ACCOUNTANT		ACCOUNTANCY AND FINANCE	finance|generalist|2	Practitioner	statutory accountant	title	14	82-140k	2023
	placed		SUPERVISOR ACCOUNTS PAYABLE		ACCOUNTANCY AND FINANCE	finance|generalist|3	Senior / partner	supervisor accounts payable	title	14	56-100k	2023
	placed	Y	SURVEYOR - JUNIOR/INTERMEDIATE		CONSTRUCTION CIVIL	geoscience|surveying|2	Practitioner	surveyor	title	14	46-140k	FY24/25
	placed	Y	SURVEYOR - SENIOR		CONSTRUCTION CIVIL	geoscience|surveying|3	Senior / partner	surveyor senior	title	14	80-200k	FY24/25
	placed		SYSTEMS ACCOUNTANT Turnover > $300m		ACCOUNTANCY AND FINANCE	finance|generalist|2	Practitioner	systems accountant turnover 300m	title	14	92-180k	2023
	placed		SYSTEMS ACCOUNTANT Turnover $100m - $300m		ACCOUNTANCY AND FINANCE	finance|generalist|2	Practitioner	systems accountant turnover 100m	title	14	82-150k	2023
	placed		SYSTEMS ACCOUNTANT Turnover up to $100m		ACCOUNTANCY AND FINANCE	finance|generalist|2	Practitioner	systems accountant turnover up to 100m	title	14	71-130k	2023
	placed	Y	Traffic Engineer			engineering|civil|2	Practitioner	traffic engineer	title	14	54-145k	FY22/23
	placed	Y	VALUER CPV/RPV 0-3 years exp			property|valuation|2	Practitioner	valuer cpv rpv 0 3 years exp	title	14	49-100k	FY24/25
	placed		VALUER CPV/RPV 0-3 years exp		PROPERTY	property|valuation|2	Practitioner	valuer cpv rpv 0 3 years exp	title	14	46-100k	2023
	placed	Y	VALUER CPV/RPV 3+ years exp			property|valuation|2	Practitioner	valuer cpv rpv 3 years exp	title	14	66-138k	FY24/25
	placed		VALUER CPV/RPV 3+ years exp		PROPERTY	property|valuation|2	Practitioner	valuer cpv rpv 3 years exp	title	14	56-138k	2023
	placed	Y	BI DEVELOPER		DATA AND ADVANCED ANALYTICS	software|generalist|2	Practitioner	bi developer	title	13	95-200k	FY24/25
	placed	Y	BI DEVELOPER		TECHNOLOGY	software|generalist|2	Practitioner	bi developer	title	13	90-200k	2023
	placed	Y	Civil Project Manager			project|generalist|3	Senior / partner	civil project manager	title	13	59-170k	FY22/23
	placed	Y	COMMERCIAL MANAGER Turnover > $100m		COMMERCE AND INDUSTRY	commercial|generalist|4	Manager	commercial manager turnover 100m	title	13	120-190k	FY24/25
	placed	Y	COMMERCIAL MANAGER Turnover $100m - $300m		COMMERCE AND INDUSTRY	commercial|generalist|4	Manager	commercial manager turnover 100m	title	13	120-250k	FY24/25
	placed		CYBER SECURITY MANAGER		CYBER SECURITY	technology|security|4	Manager	cyber security manager	title	13	130-250k	FY24/25
	placed		CYBER SECURITY MANAGER		TECHNOLOGY	technology|security|4	Manager	cyber security manager	title	13	110-250k	2023
	placed	Y	Data Entry Sales Coordinator Records Officer Medical Secretary Operator			sales|generalist|1	Entry / support	data entry sales coordinator records officer medical secretary operator	title	13	42-65k	FY22/23
	placed		DEVELOPER (.NET/JAVA)		SOFTWARE DEVELOPMENT	software|generalist|2	Practitioner	developer	title	13	80-140k	FY24/25
	placed		ERP/CRM ARCHITECT		TECHNOLOGY	technology|architecture|4	Manager	erp crm architect	title	13	130-250k	2023
	placed		ERP/CRM ARCHITECT New		ERP/CRM	technology|architecture|4	Manager	erp crm architect new	title	13	130-220k	FY24/25
	placed	Y	ERP/CRM DEVELOPER		ERP/CRM	software|generalist|2	Practitioner	erp crm developer	title	13	110-180k	FY24/25
	placed	Y	ERP/CRM DEVELOPER		TECHNOLOGY	software|generalist|2	Practitioner	erp crm developer	title	13	110-190k	2023
	placed		ERP/CRM FUNCTIONAL CONSULTANT		ERP/CRM	technology|enterprise-apps|2	Practitioner	erp crm functional consultant	title	13	128-220k	FY24/25
	placed		ERP/CRM FUNCTIONAL CONSULTANT		TECHNOLOGY	technology|enterprise-apps|2	Practitioner	erp crm functional consultant	title	13	128-220k	2023
	placed		ERP/CRM TECHNICAL CONSULTANT		ERP/CRM	technology|enterprise-apps|2	Practitioner	erp crm technical consultant	title	13	125-220k	FY24/25
	placed		ERP/CRM TECHNICAL CONSULTANT		TECHNOLOGY	technology|enterprise-apps|2	Practitioner	erp crm technical consultant	title	13	125-220k	2023
	placed	Y	ERP/CRM TEST ANALYST		TECHNOLOGY	software|generalist|2	Practitioner	erp crm test analyst	title	13	80-140k	2023
	placed	Y	ERP/CRM TEST ANALYST New		ERP/CRM	software|generalist|2	Practitioner	erp crm test analyst new	title	13	100-140k	FY24/25
	placed		FINANCE MANAGER Turnover > $300m		COMMERCE AND INDUSTRY	finance|generalist|4	Manager	finance manager turnover 300m	title	13	120-220k	FY24/25
	placed		FINANCE MANAGER Turnover $100m - $300m		COMMERCE AND INDUSTRY	finance|generalist|4	Manager	finance manager turnover 100m	title	13	110-180k	FY24/25
	placed		FINANCE MANAGER Turnover up to $100m		COMMERCE AND INDUSTRY	finance|generalist|4	Manager	finance manager turnover up to 100m	title	13	100-160k	FY24/25
	placed		FINANCIAL CONTROLLER Turnover $100m - $300m		COMMERCE AND INDUSTRY	finance|generalist|4	Manager	financial controller turnover 100m	title	13	120-220k	FY24/25
	placed		GROUP FINANCIAL CONTROLLER/ GM FINANCE Turnover > $300m		COMMERCE AND INDUSTRY	finance|generalist|4	Manager	group financial controller gm finance turnover 300m	title	13	135-315k	FY24/25
	placed	Y	IDAM ARCHITECT		CYBER SECURITY	architecture|generalist|2	Practitioner	idam architect	title	13	120-240k	FY24/25
	placed	Y	IDAM ARCHITECT		TECHNOLOGY	architecture|generalist|2	Practitioner	idam architect	title	13	120-220k	2023
	placed	Y	IDAM ENGINEER		CYBER SECURITY	engineering|generalist|2	Practitioner	idam engineer	title	13	95-190k	FY24/25
	placed	Y	IDAM ENGINEER		TECHNOLOGY	engineering|generalist|2	Practitioner	idam engineer	title	13	95-180k	2023
	placed	Y	Investment Banking Personal Assistant			admin|executive-assistant|2	Practitioner	investment banking personal assistant	title	13	56-100k	FY22/23
	placed	Y	Legal Secretary Legal Secretary Legal Secretary Legal Personal (Up to 2 yrs exp) (2-4 yrs exp) (4+ yrs exp) Assistant			admin|generalist|2	Practitioner	legal secretary legal secretary legal secretary legal personal up to 2 yrs exp 2 4 yrs exp 4 yrs exp assistant	title	13	46-90k	FY22/23
	placed	Y	PAYROLL SYSTEMS ANALYST		COMMERCE AND INDUSTRY	payroll|generalist|2	Practitioner	payroll systems analyst	title	13	66-140k	FY24/25
	placed		PLATFORM ENGINEER		CLOUD	software|generalist|2	Practitioner	platform engineer	title	13	105-180k	FY24/25
	placed	Y	PLATFORM ENGINEER		TECHNOLOGY	software|generalist|2	Practitioner	platform engineer	title	13	105-180k	2023
	placed	Y	REMUNERATION AND PAYROLL MANAGER		ACCOUNTANCY AND FINANCE	payroll|generalist|4	Manager	remuneration and payroll manager	title	13	82-163k	2023
	placed	Y	SENIOR COMMERCIAL MANAGER/DIRECTOR Turnover > $300m		COMMERCE AND INDUSTRY	commercial|generalist|5	Head / director	senior commercial manager director turnover 300m	title	13	135-300k	FY24/25
	placed		SENIOR DATA ANALYST New		DATA AND ADVANCED ANALYTICS	data|generalist|3	Senior / partner	senior data analyst new	title	13	100-170k	FY24/25
	placed	Y	Team Assistant Office/Admin PA to Partner PA to Partners Manager (1 on 1) (2 or 3)			admin|executive-assistant|2	Practitioner	team assistant office admin pa to partner pa to partners manager	title	13	42-71k	FY22/23
	placed	Y	To Trial Balance To Balance Sheet Senior Bookkeeper			finance|generalist|1	Entry / support	to trial balance to balance sheet senior bookkeeper	title	13	51-87k	FY22/23
	placed		AUTOMATION DEVELOPER/ ENGINEER		SOFTWARE DEVELOPMENT	software|generalist|2	Practitioner	automation developer engineer	title	12	100-170k	FY24/25
	placed		BUSINESS DEVELOPMENT CONSULTANT		CONTACT CENTRES	sales|generalist|2	Practitioner	business development consultant	title	12	55-100k	2023
	placed	Y	Cleaning Area Manager			facilities|generalist|4	Manager	cleaning area manager	title	12	61-100k	FY22/23
	placed		CLEANING AREA MANAGER		SOFT SERVICES	facilities|generalist|4	Manager	cleaning area manager	title	12	61-120k	FY24/25
	placed		CLEANING AREA MANAGER		FACILITIES MANAGEMENT	facilities|generalist|4	Manager	cleaning area manager	title	12	61-120k	2023
	placed		DBA		INFRASTRUCTURE	technology|generalist|2	Practitioner	dba	title	12	90-170k	FY24/25
	placed		DBA		TECHNOLOGY	technology|generalist|2	Practitioner	dba	title	12	85-170k	2023
	placed		DESKTOP SUPPORT - LEVEL 2		INFRASTRUCTURE	technology|support|1	Entry / support	desktop support	title	12	55-90k	FY24/25
	placed		DESKTOP SUPPORT - LEVEL 2		TECHNOLOGY	technology|support|1	Entry / support	desktop support	title	12	55-90k	2023
	placed	Y	DEVELOPER (.NET/JAVA)		TECHNOLOGY	software|generalist|2	Practitioner	developer	title	12	80-140k	2023
	placed	Y	Facilities Helpdesk			technology|support|1	Entry / support	facilities helpdesk	title	12	42-75k	FY22/23
	placed	Y	FACILITIES HELPDESK		SOFT SERVICES	technology|support|1	Entry / support	facilities helpdesk	title	12	49-75k	FY24/25
	placed	Y	FACILITIES HELPDESK		FACILITIES MANAGEMENT	technology|support|1	Entry / support	facilities helpdesk	title	12	49-75k	2023
	placed		FRONT-END DEVELOPER		SOFTWARE DEVELOPMENT	software|generalist|2	Practitioner	front end developer	title	12	80-150k	FY24/25
	placed		FULL STACK DEVELOPER (.NET/JAVA)		SOFTWARE DEVELOPMENT	software|generalist|2	Practitioner	full stack developer	title	12	95-165k	FY24/25
	placed		INFRASTRUCTURE ARCHITECT		INFRASTRUCTURE	technology|architecture|4	Manager	infrastructure architect	title	12	130-250k	FY24/25
	placed		INFRASTRUCTURE ARCHITECT		TECHNOLOGY	technology|architecture|4	Manager	infrastructure architect	title	12	120-250k	2023
	placed		INFRASTRUCTURE MANAGER		INFRASTRUCTURE	technology|generalist|4	Manager	infrastructure manager	title	12	105-200k	FY24/25
	placed		INFRASTRUCTURE MANAGER		TECHNOLOGY	technology|generalist|4	Manager	infrastructure manager	title	12	105-200k	2023
	placed		MOBILE APPS DEVELOPER		SOFTWARE DEVELOPMENT	software|generalist|2	Practitioner	mobile apps developer	title	12	85-220k	FY24/25
	placed		NETWORK ARCHITECT		INFRASTRUCTURE	technology|architecture|4	Manager	network architect	title	12	120-250k	FY24/25
	placed		NETWORK ARCHITECT		TECHNOLOGY	technology|architecture|4	Manager	network architect	title	12	110-250k	2023
	placed		OUTBOUND SALES CONSULTANT		CONTACT CENTRES	sales|generalist|2	Practitioner	outbound sales consultant	title	12	48-85k	2023
	placed	Y	PAYROLL SYSTEMS ANALYST		ACCOUNTANCY AND FINANCE	payroll|generalist|2	Practitioner	payroll systems analyst	title	12	66-130k	2023
	placed		REPORTING ACCOUNTANT		ACCOUNTANCY AND FINANCE	finance|generalist|2	Practitioner	reporting accountant	title	12	77-143k	2023
	placed		SALES TEAM LEADER		CONTACT CENTRES	sales|generalist|3	Senior / partner	sales team leader	title	12	56-110k	2023
	placed		SENIOR DEVELOPER (.NET/JAVA)		SOFTWARE DEVELOPMENT	software|generalist|3	Senior / partner	senior developer	title	12	100-180k	FY24/25
	placed		SENIOR FRONT-END DEVELOPER		SOFTWARE DEVELOPMENT	software|generalist|3	Senior / partner	senior front end developer	title	12	100-180k	FY24/25
	placed	Y	SYSTEMS ADMINISTRATION/ ENGINEER		INFRASTRUCTURE	engineering|generalist|2	Practitioner	systems administration engineer	title	12	70-155k	FY24/25
	placed	Y	SYSTEMS ADMINISTRATION/ ENGINEER		TECHNOLOGY	engineering|generalist|2	Practitioner	systems administration engineer	title	12	70-155k	2023
	placed		ACCOUNT EXECUTIVE - ENTERPRISE		IT AND TELECOMMUNICATIONS SALES	sales|generalist|2	Practitioner	account executive	title	11	130-200k	FY24/25
	placed		ACCOUNT EXECUTIVE - MID-MARKET		IT & TELECOMMUNICATIONS SALES	sales|generalist|2	Practitioner	account executive	title	11	110-150k	FY24/25
	placed		ACCOUNT EXECUTIVE - SMB		IT & TELECOMMUNICATIONS SALES	sales|generalist|2	Practitioner	account executive	title	11	80-130k	FY24/25
	placed	Y	AUTOMATION DEVELOPER/ ENGINEER		TECHNOLOGY	software|generalist|2	Practitioner	automation developer engineer	title	11	100-165k	2023
	placed		CHANNEL SALES MANAGER		IT & TELECOMMUNICATIONS SALES	sales|generalist|4	Manager	channel sales manager	title	11	130-200k	FY24/25
	placed	Y	FRONT-END DEVELOPER		TECHNOLOGY	software|generalist|2	Practitioner	front end developer	title	11	80-150k	2023
	placed	Y	FULL STACK DEVELOPER (.NET/JAVA)		TECHNOLOGY	software|generalist|2	Practitioner	full stack developer	title	11	95-165k	2023
	placed	Y	MOBILE APPS DEVELOPER		TECHNOLOGY	software|generalist|2	Practitioner	mobile apps developer	title	11	82-220k	2023
	placed		PARTNER ACCOUNT MANAGER		IT & TELECOMMUNICATIONS SALES	sales|account-management|2	Practitioner	partner account manager	title	11	115-150k	FY24/25
	placed		SALES EXECUTIVE - ENTERPRISE		IT & TELECOMMUNICATIONS SALES	sales|generalist|2	Practitioner	sales executive	title	11	130-200k	FY24/25
	placed		SALES EXECUTIVE - MID-MARKET		IT & TELECOMMUNICATIONS SALES	sales|generalist|2	Practitioner	sales executive	title	11	110-150k	FY24/25
	placed		SALES EXECUTIVE - SMB		IT & TELECOMMUNICATIONS SALES	sales|generalist|2	Practitioner	sales executive	title	11	80-130k	FY24/25
	placed		SALES EXECUTIVE/ REP		SALES NOTES All salaries shown are exclu	sales|generalist|2	Practitioner	sales executive rep	title	11	55-100k	2023
	placed	Y	SENIOR DEVELOPER (.NET/JAVA)		TECHNOLOGY	software|generalist|3	Senior / partner	senior developer	title	11	95-180k	2023
	placed	Y	SENIOR FRONT-END DEVELOPER		TECHNOLOGY	software|generalist|3	Senior / partner	senior front end developer	title	11	100-180k	2023
	placed		TECHNICAL SALES REPRESENTATIVE		INDUSTRIAL AND TECHNICAL SALES	sales|generalist|2	Practitioner	technical sales representative	title	11	70-110k	FY24/25
	placed		VICE PRESIDENT OF SALES		IT AND TELECOMMUNICATIONS SALES	sales|generalist|5	Head / director	vice president of sales	title	11	190-300k	FY24/25
	placed	Y	ENVIRONMENTAL ADVISOR/CONSULTANT		SUSTAINABILITY AND ENVIRONMENTAL	science|environmental|2	Practitioner	environmental advisor consultant	title	10	70-160k	2023
	placed		ENVIRONMENTAL ENGINEER		SUSTAINABILITY AND ENVIRONMENTAL	engineering|generalist|2	Practitioner	environmental engineer	title	10	100-160k	2023
	placed		GRID CONNECTION ENGINEER		SUSTAINABILITY AND ENVIRONMENTAL	engineering|generalist|2	Practitioner	grid connection engineer	title	10	120-220k	2023
	placed		MEDIA RELATIONS MANAGER		MARKETING AND DIGITAL	marketing|communications|4	Manager	media relations manager	title	10	90-150k	2023
	placed		PR EXECUTIVE		MARKETING AND DIGITAL	marketing|communications|2	Practitioner	pr executive	title	10	65-100k	2023
	placed		PRINCIPAL ELECTRICAL DESIGN ENGINEER		SUSTAINABILITY AND ENVIRONMENTAL	engineering|electrical|4	Manager	principal electrical design engineer	title	10	140-250k	2023
	placed	Y	PRINCIPAL ENVIRONMENTAL ADVISOR/CONSULTANT		SUSTAINABILITY AND ENVIRONMENTAL	science|environmental|4	Manager	principal environmental advisor consultant	title	10	80-210k	2023
	placed		PRINCIPAL ENVIRONMENTAL ENGINEER		SUSTAINABILITY AND ENVIRONMENTAL	engineering|generalist|4	Manager	principal environmental engineer	title	10	140-245k	2023
	placed	Y	PV DESIGNER		SUSTAINABILITY AND ENVIRONMENTAL	creative|generalist|2	Practitioner	pv designer	title	10	120-230k	2023
	placed	Y	SENIOR ENVIRONMENTAL ADVISOR/CONSULTANT		SUSTAINABILITY AND ENVIRONMENTAL	science|environmental|3	Senior / partner	senior environmental advisor consultant	title	10	95-205k	2023
	placed		SENIOR ENVIRONMENTAL ENGINEER		SUSTAINABILITY AND ENVIRONMENTAL	engineering|generalist|3	Senior / partner	senior environmental engineer	title	10	110-200k	2023
	placed	Y	GOVERNANCE MANAGER			risk|generalist|4	Manager	governance manager	title	9	92-170k	FY24/25
	placed		GOVERNANCE MANAGER		POLICY AND STRATEGY	risk|generalist|4	Manager	governance manager	title	9	92-160k	2023
	placed	Y	GOVERNANCE OFFICER/ SECRETARIAT			risk|generalist|2	Practitioner	governance officer secretariat	title	9	80-120k	FY24/25
	placed		GOVERNANCE OFFICER/ SECRETARIAT		POLICY AND STRATEGY	risk|generalist|2	Practitioner	governance officer secretariat	title	9	80-112k	2023
	placed		Mine Accountant		Commerce & Industry	finance|generalist|2	Practitioner	mine accountant	title	9	85-200k	FY22/23
	placed	Y	POLICY OFFICER/ POLICY ADVISOR		POLICY AND STRATEGY	policy|generalist|2	Practitioner	policy officer policy advisor	title	9	66-100k	2023
	placed	Y	PROGRAMME OFFICER/ CO-ORDINATOR*		POLICY AND STRATEGY	project|generalist|2	Practitioner	programme officer coordinator	title	9	61-113k	2023
	placed	Y	REGULATORY ADVISOR			risk|compliance|2	Practitioner	regulatory advisor	title	9	82-150k	FY24/25
	placed		REGULATORY ADVISOR		POLICY AND STRATEGY	risk|compliance|2	Practitioner	regulatory advisor	title	9	82-135k	2023
	placed	Y	REGULATORY MANAGER			risk|compliance|4	Manager	regulatory manager	title	9	87-170k	FY24/25
	placed		REGULATORY MANAGER		POLICY AND STRATEGY	risk|compliance|4	Manager	regulatory manager	title	9	87-170k	2023
	placed	Y	RISK/COMPLIANCE MANAGER			risk|compliance|4	Manager	risk compliance manager	title	9	80-170k	FY24/25
	placed		RISK/COMPLIANCE MANAGER		POLICY AND STRATEGY	risk|compliance|4	Manager	risk compliance manager	title	9	80-160k	2023
	placed	Y	SENIOR POLICY OFFICER/POLICY ADVISOR		POLICY AND STRATEGY	policy|generalist|3	Senior / partner	senior policy officer policy advisor	title	9	82-130k	2023
	placed	Y	Assistant Account Executive			sales|generalist|2	Practitioner	assistant account executive	title	8	46-66k	FY22/23
	placed		CAMPAIGN MANAGER		MARKETING	marketing|generalist|4	Manager	campaign manager	title	8	75-145k	FY24/25
	placed		CAMPAIGN MANAGER		MARKETING AND DIGITAL	marketing|generalist|4	Manager	campaign manager	title	8	70-145k	2023
	placed	Y	Claims Team Leader			insurance|claims|3	Senior / partner	claims team leader	title	8	80-110k	FY22/23
	placed	Y	Commercial Claims Assessor			insurance|claims|2	Practitioner	commercial claims assessor	title	8	57-85k	FY22/23
	placed		CONTENT MANAGER		DIGITAL	marketing|generalist|4	Manager	content manager	title	8	85-130k	FY24/25
	placed		CONTENT MANAGER		MARKETING AND DIGITAL	marketing|generalist|4	Manager	content manager	title	8	85-130k	2023
	placed	Y	CONTENT WRITER		DIGITAL	creative|media|2	Practitioner	content writer	title	8	80-120k	FY24/25
	placed	Y	CONTENT WRITER		MARKETING AND DIGITAL	creative|media|2	Practitioner	content writer	title	8	80-120k	2023
	placed	Y	CONTRACT/ACCOUNT MANAGER		TRANSPORT	sales|account-management|2	Practitioner	contract account manager	title	8	77-135k	FY24/25
	placed	Y	CONTRACT/ACCOUNT MANAGER		LOGISTICS	sales|account-management|2	Practitioner	contract account manager	title	8	66-150k	2023
	placed	Y	CONTRACT/ACCOUNT MANAGER		LOGISTICS	sales|account-management|2	Practitioner	contract account manager	title	8	77-135k	2023
	placed	Y	DIGITAL DESIGNER		DIGITAL	creative|generalist|2	Practitioner	digital designer	title	8	80-140k	FY24/25
	placed	Y	DIGITAL DESIGNER		MARKETING AND DIGITAL	creative|generalist|2	Practitioner	digital designer	title	8	80-130k	2023
	placed	Y	DIGITAL PROJECT MANAGER		DIGITAL	project|generalist|3	Senior / partner	digital project manager	title	8	95-150k	FY24/25
	placed	Y	DIGITAL PROJECT MANAGER		MARKETING AND DIGITAL	project|generalist|3	Senior / partner	digital project manager	title	8	90-150k	2023
	placed		DIRECT MARKETING MANAGER		MARKETING	marketing|generalist|4	Manager	direct marketing manager	title	8	90-135k	FY24/25
	placed		DIRECT MARKETING MANAGER		MARKETING AND DIGITAL	marketing|generalist|4	Manager	direct marketing manager	title	8	85-135k	2023
	placed	Y	Domestic Claims Assessor			insurance|claims|2	Practitioner	domestic claims assessor	title	8	49-70k	FY22/23
	placed	Y	FINANCIAL PLANNING MANAGER		BANKING	finance|generalist|4	Manager	financial planning manager	title	8	112-200k	2023
	placed	Y	FITTER		MANUFACTURING AND OPERATIONS	trades|mechanical|2	Practitioner	fitter	title	8	60-120k	2023
	placed		HC/MC DRIVER		TRANSPORT	logistics|driving|3	Senior / partner	hc mc driver	title	8	60-130k	FY24/25
	placed		HC/MC DRIVER		LOGISTICS	logistics|driving|3	Senior / partner	hc mc driver	title	8	51-180k	2023
	placed	Y	HEAD OF FINANCIAL PLANNING		BANKING	finance|generalist|5	Head / director	head of financial planning	title	8	138-280k	2023
	placed		HEAD OF HR/ HR DIRECTOR < 250 employees			hr|generalist|5	Head / director	head of hr director 250 employees	title	8	140-245k	FY24/25
	placed		HEAD OF HR/ HR DIRECTOR > 1000 employees			hr|generalist|5	Head / director	head of hr director 1000 employees	title	8	180-400k	FY24/25
	placed		HEAD OF HR/ HR DIRECTOR 250 - 1000 employees			hr|generalist|5	Head / director	head of hr director 250	title	8	150-280k	FY24/25
	placed	Y	HEAD OF WHS/ WHS DIRECTOR			hse|generalist|5	Head / director	head of whs whs director	title	8	125-320k	FY24/25
	placed	Y	HEAD OF WHS/ WHS DIRECTOR		HUMAN RESOURCES NOTES All salaries shown	hse|generalist|5	Head / director	head of whs whs director	title	8	122-300k	2023
	placed		HEAD OF/ DIRECTOR REMUNERATION & BENEFITS			hr|reward|5	Head / director	head of director remuneration and benefits	title	8	122-320k	FY24/25
	placed		HEAD OF/ DIRECTOR REMUNERATION & BENEFITS		HUMAN RESOURCES NOTES All salaries shown	hr|reward|5	Head / director	head of director remuneration and benefits	title	8	122-320k	2023
	placed		HR ANALYST			hr|generalist|2	Practitioner	hr analyst	title	8	80-150k	FY24/25
	placed		HR ANALYST		HUMAN RESOURCES NOTES All salaries shown	hr|generalist|2	Practitioner	hr analyst	title	8	77-150k	2023
	placed		HR MANAGER < 250 employees			hr|generalist|4	Manager	hr manager 250 employees	title	8	110-175k	FY24/25
	placed		HR MANAGER > 1000 employees			hr|generalist|4	Manager	hr manager 1000 employees	title	8	140-220k	FY24/25
	placed		HR MANAGER 250 - 1000 employees			hr|generalist|4	Manager	hr manager 250	title	8	120-200k	FY24/25
	placed	Y	HR PROJECT MANAGER			project|generalist|3	Senior / partner	hr project manager	title	8	110-200k	FY24/25
	placed	Y	HR PROJECT MANAGER		HUMAN RESOURCES NOTES All salaries shown	project|generalist|3	Senior / partner	hr project manager	title	8	92-200k	2023
	placed		HRIS ADVISOR			hr|hr-systems|2	Practitioner	hris advisor	title	8	80-140k	FY24/25
	placed		HRIS ADVISOR		HUMAN RESOURCES NOTES All salaries shown	hr|hr-systems|2	Practitioner	hris advisor	title	8	66-133k	2023
	placed		INTERNAL COMMUNICATIONS ADVISOR		MARKETING	marketing|communications|2	Practitioner	internal communications advisor	title	8	80-130k	FY24/25
	placed		INTERNAL COMMUNICATIONS ADVISOR		MARKETING AND DIGITAL	marketing|communications|2	Practitioner	internal communications advisor	title	8	75-130k	2023
	placed		LEARNING & DEVELOPMENT ADVISOR			hr|learning|2	Practitioner	learning and development advisor	title	8	85-130k	FY24/25
	placed		LEARNING & DEVELOPMENT ADVISOR		HUMAN RESOURCES NOTES All salaries shown	hr|learning|2	Practitioner	learning and development advisor	title	8	80-130k	2023
	placed	Y	MACHINIST		MANUFACTURING AND OPERATIONS	trades|mechanical|2	Practitioner	machinist	title	8	55-120k	FY24/25
	placed	Y	MACHINIST		MANUFACTURING AND OPERATIONS	trades|mechanical|2	Practitioner	machinist	title	8	46-95k	2023
	placed	Y	MULTIMEDIA DEVELOPER		DIGITAL	software|generalist|2	Practitioner	multimedia developer	title	8	75-115k	FY24/25
	placed	Y	MULTIMEDIA DEVELOPER		MARKETING AND DIGITAL	software|generalist|2	Practitioner	multimedia developer	title	8	75-115k	2023
	placed		PRODUCTION/PROCESS WORKER		MANUFACTURING AND OPERATIONS	operations|generalist|1	Entry / support	production process worker	title	8	50-80k	FY24/25
	placed		PRODUCTION/PROCESS WORKER		MANUFACTURING AND OPERATIONS	operations|generalist|1	Entry / support	production process worker	title	8	44-80k	2023
	placed		RECRUITMENT MANAGER/ TALENT ACQUISITION MANAGER			hr|talent-acquisition|4	Manager	recruitment manager talent acquisition manager	title	8	100-220k	FY24/25
	placed		RECRUITMENT MANAGER/ TALENT ACQUISITION MANAGER		HUMAN RESOURCES NOTES All salaries shown	hr|talent-acquisition|4	Manager	recruitment manager talent acquisition manager	title	8	90-210k	2023
	placed	Y	RELIABILTY ENGINEER		MAINTENANCE AND ENGINEERING	engineering|generalist|2	Practitioner	reliabilty engineer	title	8	80-150k	FY24/25
	placed		RESEARCH EXECUTIVE/ MARKETING ANALYST		MARKETING	marketing|generalist|2	Practitioner	research executive marketing analyst	title	8	70-135k	FY24/25
	placed		RESEARCH EXECUTIVE/ MARKETING ANALYST		MARKETING AND DIGITAL	marketing|generalist|2	Practitioner	research executive marketing analyst	title	8	70-145k	2023
	placed		SENIOR ADMINISTRATOR		SUPERANNUATION AND FUNDS MANAGEMENT	admin|generalist|1	Entry / support	senior administrator	title	8	57-85k	FY24/25
	placed	Y	SENIOR ADMINISTRATOR		BANKING	admin|generalist|1	Entry / support	senior administrator	title	8	57-85k	2023
	placed		SENIOR FINANCIAL PLANNER		BANKING	banking|advice|2	Practitioner	senior financial planner	title	8	85-200k	2023
	placed		SENIOR HR ADVISOR			hr|generalist|3	Senior / partner	senior hr advisor	title	8	95-160k	FY24/25
	placed	Y	Senior Technical Claims Assessor			insurance|claims|3	Senior / partner	senior technical claims assessor	title	8	80-120k	FY22/23
	placed		SEO SPECIALIST		DIGITAL	marketing|generalist|2	Practitioner	seo specialist	title	8	85-120k	FY24/25
	placed		SEO SPECIALIST		MARKETING AND DIGITAL	marketing|generalist|2	Practitioner	seo specialist	title	8	85-120k	2023
	placed		SOCIAL MEDIA COORDINATOR		DIGITAL	marketing|generalist|1	Entry / support	social media coordinator	title	8	70-90k	FY24/25
	placed		SOCIAL MEDIA COORDINATOR		MARKETING AND DIGITAL	marketing|generalist|1	Entry / support	social media coordinator	title	8	70-90k	2023
	placed	Y	Social Media Executive			marketing|generalist|2	Practitioner	social media executive	title	8	61-110k	FY22/23
	placed		SOCIAL MEDIA EXECUTIVE		DIGITAL	marketing|generalist|2	Practitioner	social media executive	title	8	80-115k	FY24/25
	placed		SOCIAL MEDIA EXECUTIVE		MARKETING AND DIGITAL	marketing|generalist|2	Practitioner	social media executive	title	8	75-115k	2023
	placed	Y	WEB CONTENT EDITOR		DIGITAL	creative|media|2	Practitioner	web content editor	title	8	80-110k	FY24/25
	placed	Y	WEB CONTENT EDITOR		MARKETING AND DIGITAL	creative|media|2	Practitioner	web content editor	title	8	80-110k	2023
	placed	Y	WHS ADVISOR			hse|generalist|2	Practitioner	whs advisor	title	8	80-140k	FY24/25
	placed	Y	WHS ADVISOR		HUMAN RESOURCES NOTES All salaries shown	hse|generalist|2	Practitioner	whs advisor	title	8	75-130k	2023
	placed	Y	WHS MANAGER			hse|generalist|4	Manager	whs manager	title	8	95-200k	FY24/25
	placed	Y	WHS MANAGER		HUMAN RESOURCES NOTES All salaries shown	hse|generalist|4	Manager	whs manager	title	8	92-184k	2023
	placed	Y	CHIEF PROCUREMENT OFFICER			procurement|generalist|6	Executive	chief procurement officer	title	7	135-450k	FY24/25
	placed		CHIEF PROCUREMENT OFFICER		PROCUREMENT	procurement|generalist|6	Executive	chief procurement officer	title	7	135-450k	2023
	placed		DOMESTIC CLAIMS ASSESSOR		INSURANCE	insurance|claims|2	Practitioner	domestic claims assessor	title	6	55-70k	2023
	placed		MERCHANDISE PLANNER		RETAIL	procurement|buying|2	Practitioner	merchandise planner	title	6	120-255k	2023
	placed		PRODUCT DEVELOPER		RETAIL	software|generalist|2	Practitioner	product developer	title	6	70-408k	2023
	placed		TRAFFIC ENGINEER	56 - 92	RAIL INFRASTRUCTURE                     	engineering|civil|2	Practitioner	traffic engineer	title	6	71-200k	FY24/25
	placed		TRAFFIC ENGINEER	65 - 102	RAIL INFRASTRUCTURE                     	engineering|civil|2	Practitioner	traffic engineer	title	6	122-255k	FY24/25
	placed		CLAIMS TEAM LEADER		INSURANCE	insurance|claims|3	Senior / partner	claims team leader	title	5	75-170k	2023
	placed		COMMERCIAL CLAIMS ASSESSOR		INSURANCE	insurance|claims|2	Practitioner	commercial claims assessor	title	5	61-130k	2023
	placed		LEGAL COUNSEL 1-2 YR P.A.E		IN-HOUSE	legal|in-house|2	Practitioner	legal counsel 1 2 yr p a e	title	5	70-110k	FY24/25
	placed		LEGAL COUNSEL 2-3 YEARS P.A.E		IN-HOUSE	legal|in-house|2	Practitioner	legal counsel 2 3 years p a e	title	5	90-130k	FY24/25
	placed		LEGAL COUNSEL 3-4 YEARS P.A.E		IN-HOUSE	legal|in-house|2	Practitioner	legal counsel 3 4 years p a e	title	5	100-150k	FY24/25
	placed		LEGAL COUNSEL 4 - 5 YEARS P.A.E		IN-HOUSE	legal|in-house|2	Practitioner	legal counsel 4	title	5	120-160k	FY24/25
	placed		LEGAL COUNSEL 5 - 6 YEARS P.A.E		IN-HOUSE	legal|in-house|2	Practitioner	legal counsel 5	title	5	130-175k	FY24/25
	placed		LEGAL COUNSEL 6+ YEARS P.A.E		IN-HOUSE	legal|in-house|2	Practitioner	legal counsel 6 years p a e	title	5	145-185k	FY24/25
	placed		SENIOR TECHNICAL CLAIMS ASSESSOR		INSURANCE	insurance|claims|3	Senior / partner	senior technical claims assessor	title	5	80-120k	2023
	placed		ASSISTANT COMPANY SECRETARY Listed company		LEGAL	legal|in-house|4	Manager	assistant company secretary listed company	title	4	100-180k	2023
	placed		ASSISTANT COMPANY SECRETARY Unlisted company		LEGAL	legal|in-house|4	Manager	assistant company secretary unlisted company	title	4	80-160k	2023
	placed	Y	Broker Support Account Manager Broker			sales|account-management|2	Practitioner	broker support account manager broker	title	4	51-90k	FY22/23
	placed		COMPANY SECRETARY Listed company		LEGAL	legal|in-house|4	Manager	company secretary listed company	title	4	150-280k	2023
	placed		COMPANY SECRETARY Unlisted company		LEGAL	legal|in-house|4	Manager	company secretary unlisted company	title	4	115-220k	2023
	placed		SENIOR MERCHANDISE PLANNER		RETAIL	procurement|buying|2	Practitioner	senior merchandise planner	title	4	140-204k	2023
	placed		CHIEF UNDERWRITER		LIFE INSURANCE	insurance|underwriting|2	Practitioner	chief underwriter	title	3	100-250k	FY24/25
	placed		CHIEF UNDERWRITER		INSURANCE	insurance|underwriting|2	Practitioner	chief underwriter	title	3	100-250k	2023
	placed		CLAIMS TEAM LEADER		LIFE INSURANCE	insurance|claims|3	Senior / partner	claims team leader	title	3	100-150k	FY24/25
	placed		CLAIMS TEAM LEADER		INSURANCE	insurance|claims|3	Senior / partner	claims team leader	title	3	70-150k	2023
	placed		SENIOR CLAIMS ASSESSOR		LIFE INSURANCE	insurance|claims|3	Senior / partner	senior claims assessor	title	3	80-130k	FY24/25
	placed		SENIOR CLAIMS ASSESSOR		INSURANCE	insurance|claims|3	Senior / partner	senior claims assessor	title	3	64-130k	2023
	placed		CIVIL/STRUCTURAL DRAFTER		CIVIL AND STRUCTURAL	architecture|drafting|2	Practitioner	civil structural drafter	title	1	70-100k	FY24/25
	placed		CIVIL/STRUCTURAL DRAFTER		ENGINEERING	architecture|drafting|2	Practitioner	civil structural drafter	title	1	70-100k	2023
	placed		Legal Counsel        Legal Counsel        Legal Counsel        Legal Counsel        Legal Counsel        Legal Counsel  	1-2 yrs P.A.E	Legal Counsel        Legal Counsel      	legal|in-house|2	Practitioner	legal counsel legal counsel legal counsel legal counsel legal counsel legal counsel	title	1	135-180k	FY22/23
	placed		Legal Counsel        Legal Counsel        Legal Counsel        Legal Counsel        Legal Counsel        Legal Counsel  	2-3 yrs P.A.E	Legal Counsel        Legal Counsel      	legal|in-house|2	Practitioner	legal counsel legal counsel legal counsel legal counsel legal counsel legal counsel	title	1	150-250k	FY22/23
	hinted		EXTERNAL AUDIT	2 - 5 YEARS	PROFESSIONAL PRACTICE	risk|?|?				30	70-175k	FY24/25
	hinted		RISK CONSULTING/	2 - 5 YEARS	PROFESSIONAL PRACTICE	risk|?|?				30	77-160k	FY24/25
	hinted	Y	EXTERNAL AUDIT UNDERGRADUATES	1 - 2 YEARS EXP	ACCOUNTANCY AND FINANCE	risk|?|?				28	43-65k	2023
	hinted	Y	EXTERNAL AUDIT UNDERGRADUATES	3+ YEARS EXP	ACCOUNTANCY AND FINANCE	risk|?|?				28	44-85k	2023
	hinted		ARCHITECTURE	2-7 years exp	ARCHITECTURE	architecture|?|?				14	43-105k	2023
	hinted		ARCHITECTURE	7+ years exp	ARCHITECTURE	architecture|?|?				14	61-133k	2023
	hinted		ARCHITECTURE	2 - 5 years exp	ARCHITECTURE	architecture|?|?				14	59-110k	2023
	hinted		ARCHITECTURE	5+ years exp	ARCHITECTURE	architecture|?|?				14	70-150k	2023
	hinted	Y	COMMERCIAL/ INDUSTRIAL SALES AND LEASING		PROPERTY	sales|?|?				14	55-204k	2023
	hinted	Y	EXTERNAL AUDIT UNDERGRADUATES	2 - 3 YEARS EXP	ACCOUNTANCY AND FINANCE	risk|?|?				14	46-73k	2023
	hinted		PROJECT SECRETARY/ ADMINISTRATOR		OFFICE SUPPORT	project|?|?				14	51-95k	2023
	hinted	Y	RETAIL CENTRE MANAGER		PROPERTY	retail|?|?				14	66-153k	2023
	hinted		DATA MODELLER		DATA AND ADVANCED ANALYTICS	data|?|?				13	100-190k	FY24/25
	hinted	Y	DATA MODELLER		TECHNOLOGY	data|?|?				13	90-190k	2023
	hinted		ERP/CRM ADMINISTRATION		TECHNOLOGY	technology|?|?				13	70-160k	2023
	hinted		ERP/CRM ADMINISTRATION New		ERP/CRM	technology|?|?				13	80-160k	FY24/25
	hinted		PENETRATION TESTER		CYBER SECURITY	technology|?|?				13	100-200k	FY24/25
	hinted		PENETRATION TESTER		TECHNOLOGY	technology|?|?				13	100-200k	2023
	hinted		SERVICE DESK - LEVEL 1		INFRASTRUCTURE	technology|?|?				13	45-80k	FY24/25
	hinted		SERVICE DESK - LEVEL 1		TECHNOLOGY	technology|?|?				13	49-80k	2023
	hinted	Y	NETWORK ADMINISTRATION/ ENGINEER		INFRASTRUCTURE	admin|?|?				12	76-170k	FY24/25
	hinted	Y	NETWORK ADMINISTRATION/ ENGINEER		TECHNOLOGY	admin|?|?				12	76-170k	2023
	hinted		SALES AND SERVICE CONSULTANT		CONTACT CENTRES	sales|?|?				12	49-70k	2023
	hinted		ARCHITECTURAL AND SPECIFICATION SALES		INDUSTRIAL AND TECHNICAL SALES	sales|?|?				11	75-120k	FY24/25
	hinted		FLEET CONTROLLER		TRANSPORT	logistics|?|?				8	55-100k	FY24/25
	hinted		FLEET CONTROLLER		LOGISTICS	logistics|?|?				8	51-100k	2023
	hinted		HR POLICY WRITERS			hr|?|?				8	80-153k	FY24/25
	hinted		HR POLICY WRITERS		HUMAN RESOURCES NOTES All salaries shown	hr|?|?				8	82-153k	2023
	hinted	Y	STOCK/INVENTORY CONTROLLER		LOGISTICS	procurement|?|?				8	50-110k	2023
	hinted		IN-STORE SALES PROFESSIONAL		RETAIL	retail|?|?				6	55-122k	2023
	none		Senior Manager for 2-5 yrs							98	82-184k	FY22/23
	none		Manager for 0-2 yrs							84	66-140k	FY22/23
	none		MANAGER							42	75-168k	FY24/25
	none		BUSINESS SERVICES	2 - 5 YEARS	PROFESSIONAL PRACTICE					30	78-175k	FY24/25
	none		EXPERIENCE		PROFESSIONAL PRACTICE					30	61-140k	FY24/25
	none		EXPERIENCE		PROFESSIONAL PRACTICE					30	52-140k	FY24/25
	none		EXPERIENCE		PROFESSIONAL PRACTICE					30	54-170k	FY24/25
	none		INSOLVENCY GRADUATES	3 - 4 YEARS EXP	PROFESSIONAL PRACTICE					30	45-92k	FY24/25
	none		INSOLVENCY GRADUATES	4 - 5 YEARS EXP	PROFESSIONAL PRACTICE					30	48-102k	FY24/25
	none		INSOLVENCY GRADUATES	6+ YEARS EXP	PROFESSIONAL PRACTICE					30	56-140k	FY24/25
	none		NO EXP		PROFESSIONAL PRACTICE					30	47-68k	FY24/25
	none		NO EXP		PROFESSIONAL PRACTICE					30	45-68k	FY24/25
	none		PAYABLE		COMMERCE AND INDUSTRY					30	65-130k	FY24/25
	none		PRINCIPALS/DIRECTORS	UP TO 4 YRS EXPERIENCE	PROFESSIONAL PRACTICE					30	51-140k	FY24/25
	none		PRINCIPALS/DIRECTORS	5 - 6 YEARS EXP	PROFESSIONAL PRACTICE					30	71-160k	FY24/25
	none		UNDERGRADUATES	1 - 2 YEARS EXP	PROFESSIONAL PRACTICE					30	48-78k	FY24/25
	none		UNDERGRADUATES	3+ YEARS EXP	PROFESSIONAL PRACTICE					30	48-100k	FY24/25
	none		UNDERGRADUATES	1 - 2 YEARS EXP	PROFESSIONAL PRACTICE					30	48-78k	FY24/25
	none		UNDERGRADUATES	3+ YEARS EXP	PROFESSIONAL PRACTICE					30	48-90k	FY24/25
	none		INSOLVENCY GRADUATES	5 - 6 YEARS EXP	PROFESSIONAL PRACTICE					29	50-110k	FY24/25
	none		2 - 5 years exp							28	59-110k	FY24/25
	none		5 - 10 years exp							28	70-140k	FY24/25
	none		BUSINESS SERVICES UNDERGRADUATES	1 - 2 YEARS EXP	ACCOUNTANCY AND FINANCE					28	43-71k	2023
	none		BUSINESS SERVICES UNDERGRADUATES	3+ YEARS EXP	ACCOUNTANCY AND FINANCE					28	44-97k	2023
	none		GRADUATE (No experience)		ACCOUNTANCY AND FINANCE					28	43-85k	2023
	none		GRADUATE No experience		ACCOUNTANCY AND FINANCE					28	43-85k	2023
	none		MANAGEMENT CONSULTING MANAGERS, SENIOR MANAGERS, PRINCIPALS/DIRECTORS	UP TO 4 YRS EXPERIENCE	ACCOUNTANCY AND FINANCE					28	51-130k	2023
	none		MANAGEMENT CONSULTING MANAGERS, SENIOR MANAGERS, PRINCIPALS/DIRECTORS	4 - 5 YEARS EXP	ACCOUNTANCY AND FINANCE					28	66-158k	2023
	none		NO EXP		ACCOUNTANCY AND FINANCE					28	43-60k	2023
	none		NO EXP		ACCOUNTANCY AND FINANCE					28	43-57k	2023
	none		OFFICER		ACCOUNTANCY AND FINANCE					28	46-90k	2023
	none		OFFICER - SENIOR		ACCOUNTANCY AND FINANCE					28	51-95k	2023
	none		Residential		PROPERTY AND CONSTRUCTION SUPPORT					28	48-110k	FY24/25
	none		Typical Range Typical Range Typical Range		ACCOUNTANCY AND FINANCE					28	61-140k	2023
	none		Typical Range Typical Range Typical Range		ACCOUNTANCY AND FINANCE					28	61-140k	2023
	none		Typical Range Typical Range Typical Range Typical Range		ACCOUNTANCY AND FINANCE					28	43-87k	2023
	none		Typical Range Typical Range Typical Range Typical Range		ACCOUNTANCY AND FINANCE					28	61-140k	2023
	none		Typical Range Typical Range Typical Range Typical Range		ACCOUNTANCY AND FINANCE					28	52-140k	2023
	none		Typical Range Typical Range Typical Range Typical Range		ACCOUNTANCY AND FINANCE					28	54-140k	2023
	none		No exp 1-2 yrs exp 2-3 yrs exp 3+ yrs exp							26	41-55k	FY22/23
	none		MANAGER		CORPORATE AND INSTITUTIONAL LENDING					24	65-220k	FY24/25
	none		TRAINER							20	51-140k	FY24/25
	none		—		RAIL INFRASTRUCTURE                     					18	82-300k	FY24/25
	none		NA		ENGINEERING					18	82-300k	2023
	none		MANAGER		BUSINESS AND COMMERCIAL LENDING					16	65-190k	FY24/25
	none		MANAGER		WAREHOUSE/DISTRIBUTION					16	70-190k	FY24/25
	none		R&D MANAGER		MANUFACTURING AND OPERATIONS					16	77-150k	2023
	none		> 5 staff		COMMERCE AND INDUSTRY					15	80-150k	FY24/25
	none		CREDIT CONTROL/	1 - 5 staff	COMMERCE AND INDUSTRY					15	70-120k	FY24/25
	none		MANAGEMENT CONSULTING MANAGERS, SENIOR MANAGERS, PRINCIPALS/DIRECTORS	6+ YEARS EXP	ACCOUNTANCY AND FINANCE					15	70-145k	2023
	none		MANAGER		COMMERCE AND INDUSTRY					15	100-200k	FY24/25
	none		PRINCIPALS/DIRECTORS	4 - 5 YEARS EXP	PROFESSIONAL PRACTICE					15	66-102k	FY24/25
	none		PRINCIPALS/DIRECTORS	6+ YEARS EXP	PROFESSIONAL PRACTICE					15	74-120k	FY24/25
	none		SUPERVISOR/MANAGER < 1000 employees		COMMERCE AND INDUSTRY					15	80-150k	FY24/25
	none		UNDERGRADUATES	2 - 3 YEARS EXP	PROFESSIONAL PRACTICE					15	48-85k	FY24/25
	none		UNDERGRADUATES	2 - 3 YEARS EXP	PROFESSIONAL PRACTICE					15	48-80k	FY24/25
	none		0-3 years exp							14	52-92k	FY24/25
	none		10+ years exp							14	82-160k	FY24/25
	none		2-7 years exp							14	48-105k	FY24/25
	none		3-5 yrs exp							14	56-85k	FY22/23
	none		3+ years exp							14	60-133k	FY24/25
	none		5-10 yrs exp							14	70-97k	FY22/23
	none		5+ years exp							14	70-150k	FY24/25
	none		7+ years exp							14	61-133k	FY24/25
	none		ACCOUNTS OFFICER		ACCOUNTANCY AND FINANCE					14	46-85k	2023
	none		ACQUISITIONS 0-4 years exp							14	51-122k	FY24/25
	none		ACQUISITIONS 0-4 years exp		PROPERTY					14	45-122k	2023
	none		ACQUISITIONS 4+ years exp							14	71-388k	FY24/25
	none		ACQUISITIONS 4+ years exp		PROPERTY					14	71-388k	2023
	none		Advisor Support							14	44-83k	FY22/23
	none		ASSET MANAGER 0-3 years exp		PROPERTY					14	60-112k	2023
	none		ASSET MANAGER 3+ years exp		PROPERTY					14	70-200k	2023
	none		ASSISTANT DEVELOPMENT MANAGER							14	60-150k	FY24/25
	none		ASSISTANT DEVELOPMENT MANAGER		PROPERTY					14	61-133k	2023
	none		Associate							14	87-204k	FY22/23
	none		BID MANAGER		FACILITIES MANAGEMENT					14	75-163k	2023
	none		BIM/CAD MANAGER		ARCHITECTURE					14	67-200k	2023
	none		BUILDING MANAGER		FACILITIES MANAGEMENT					14	60-112k	2023
	none		BUSINESS SERVICES UNDERGRADUATES	2 - 3 YEARS EXP	ACCOUNTANCY AND FINANCE					14	43-82k	2023
	none		CLIENT LIAISON Residential		OFFICE SUPPORT					14	48-90k	2023
	none		COORDINATOR							14	51-90k	FY24/25
	none		CREDIT CONTROLLER		ACCOUNTANCY AND FINANCE					14	51-85k	2023
	none		DEVELOPMENT DIRECTOR							14	143-408k	FY24/25
	none		DEVELOPMENT DIRECTOR		PROPERTY					14	143-408k	2023
	none		DEVELOPMENT MANAGER							14	95-265k	FY24/25
	none		DEVELOPMENT MANAGER		PROPERTY					14	95-265k	2023
	none		ENGINEERING MANAGER		FACILITIES MANAGEMENT					14	77-163k	2023
	none		ENTRY LEVEL ACCOUNTS OFFICER		ACCOUNTANCY AND FINANCE					14	46-70k	2023
	none		ENTRY-LEVEL/INTERMEDIATE		CONSTRUCTION BUILDING					14	50-150k	FY24/25
	none		GENERAL MANAGER		FACILITIES MANAGEMENT					14	112-255k	2023
	none		Guest Services Agent							14	46-66k	FY22/23
	none		GUEST SERVICES AGENT		SOFT SERVICES					14	50-75k	FY24/25
	none		GUEST SERVICES AGENT		FACILITIES MANAGEMENT					14	49-75k	2023
	none		LEADING HAND		CONSTRUCTION CIVIL					14	65-120k	FY24/25
	none		LEADING HAND		CONSTRUCTION BUILDING					14	65-120k	FY24/25
	none		LEADING HAND		CONSTRUCTION					14	51-120k	2023
	none		LEADING HAND		CONSTRUCTION					14	56-120k	2023
	none		MANAGEMENT CONSULTING MANAGERS, SENIOR MANAGERS, PRINCIPALS/DIRECTORS	5 - 6 YEARS EXP	ACCOUNTANCY AND FINANCE					14	65-102k	2023
	none		Manager for 0-2yrs							14	71-130k	FY22/23
	none		OPERATIONS MANAGER		FACILITIES MANAGEMENT					14	75-153k	2023
	none		Over 10 yrs exp							14	71-120k	FY22/23
	none		SENIOR CREDIT CONTROLLER		ACCOUNTANCY AND FINANCE					14	56-100k	2023
	none		SERVICE MANAGER		FACILITIES MANAGEMENT					14	80-153k	2023
	none		SUPERVISOR/MANAGER < 1000 employees		ACCOUNTANCY AND FINANCE					14	66-130k	2023
	none		SUPERVISOR/MANAGER > 3000 employees		COMMERCE AND INDUSTRY					14	95-200k	FY24/25
	none		SUPERVISOR/MANAGER > 5 staff		ACCOUNTANCY AND FINANCE					14	71-130k	2023
	none		SUPERVISOR/MANAGER 1 - 5 staff		ACCOUNTANCY AND FINANCE					14	61-110k	2023
	none		TEAM ASSISTANT		ACCOUNTANCY AND FINANCE					14	43-80k	2023
	none		Turnover > $300m		ACCOUNTANCY AND FINANCE COMMERCE AND IND					14	102-180k	2023
	none		Turnover > $300m		ACCOUNTANCY AND FINANCE					14	112-205k	2023
	none		Turnover $100m - $300m		ACCOUNTANCY AND FINANCE COMMERCE AND IND					14	92-150k	2023
	none		Turnover $100m - $300m		ACCOUNTANCY AND FINANCE					14	92-190k	2023
	none		Turnover up to $100m		ACCOUNTANCY AND FINANCE COMMERCE AND IND					14	82-135k	2023
	none		Turnover up to $100m		ACCOUNTANCY AND FINANCE					14	82-150k	2023
	none		Asset Manager							13	56-145k	FY22/23
	none		BUILDING SURVEYOR		LOCAL GOVERNMENT					13	50-180k	FY24/25
	none		BUILDING SURVEYOR		CONSTRUCTION					13	50-180k	2023
	none		CHANGE ANALYST		PROJECTS AND CHANGE MANAGEMENT					13	85-160k	FY24/25
	none		CHANGE ANALYST		TECHNOLOGY					13	80-160k	2023
	none		CHANGE MANAGER		PROJECTS AND CHANGE MANAGEMENT					13	92-200k	FY24/25
	none		CHANGE MANAGER		TECHNOLOGY					13	92-200k	2023
	none		COMMERCIAL ANALAYST		COMMERCE AND INDUSTRY					13	100-180k	FY24/25
	none		COMMERCIAL ANALAYST		ACCOUNTANCY AND FINANCE					13	100-160k	2023
	none		GRC CONSULTANT		CYBER SECURITY					13	100-200k	FY24/25
	none		GRC CONSULTANT		TECHNOLOGY					13	100-200k	2023
	none		PRODUCT CONTROL		ACCOUNTANCY AND FINANCE					13	66-135k	2023
	none		PRODUCT CONTROL MANAGER		ACCOUNTANCY AND FINANCE					13	77-200k	2023
	none		SCRUM MASTER		PROJECTS AND CHANGE MANAGEMENT					13	100-200k	FY24/25
	none		SCRUM MASTER		TECHNOLOGY					13	100-200k	2023
	none		SENIOR CHANGE MANAGER		PROJECTS AND CHANGE MANAGEMENT					13	120-230k	FY24/25
	none		SENIOR CHANGE MANAGER		TECHNOLOGY					13	120-275k	2023
	none		SUPERVISOR/MANAGER > 3000 employees		ACCOUNTANCY AND FINANCE					13	77-180k	2023
	none		SUPERVISOR/MANAGER 1000-3000 employees		COMMERCE AND INDUSTRY					13	85-180k	FY24/25
	none		SUPERVISOR/MANAGER 1000-3000 employees		ACCOUNTANCY AND FINANCE					13	71-180k	2023
	none		Typical Range Typical Range Typical Range Typical Range Typical Range Typical Range Typical Range Typical Range Typical 		CONSTRUCTION					13	60-110k	2023
	none		APPLICATIONS SUPPORT		INFRASTRUCTURE					12	66-115k	FY24/25
	none		APPLICATIONS SUPPORT		TECHNOLOGY					12	66-115k	2023
	none		APPOINTMENT SETTER		CONTACT CENTRES					12	49-75k	2023
	none		CALL COACH/QA							12	49-90k	FY24/25
	none		CALL COACH/QA		CONTACT CENTRES					12	49-80k	2023
	none		COLLECTIONS MANAGER							12	65-160k	FY24/25
	none		COLLECTIONS MANAGER		CONTACT CENTRES					12	61-160k	2023
	none		COLLECTIONS OFFICER							12	48-80k	FY24/25
	none		COLLECTIONS OFFICER		CONTACT CENTRES					12	48-75k	2023
	none		COLLECTIONS TEAM LEADER							12	61-100k	FY24/25
	none		COLLECTIONS TEAM LEADER		CONTACT CENTRES					12	51-90k	2023
	none		CONSULTANT							12	60-90k	FY24/25
	none		CONTACT CENTRE MANAGER							12	80-160k	FY24/25
	none		CONTACT CENTRE MANAGER		CONTACT CENTRES					12	71-160k	2023
	none		CUSTOMER SERVICE MANAGER							12	75-143k	FY24/25
	none		CUSTOMER SERVICE MANAGER		CONTACT CENTRES					12	70-143k	2023
	none		CUSTOMER SERVICE OFFICER		CONTACT CENTRES					12	49-75k	2023
	none		Development Manager							12	112-250k	FY22/23
	none		DEVELOPMENT MANAGER		SOFTWARE DEVELOPMENT					12	120-250k	FY24/25
	none		HEAD OF CUSTOMER SERVICE/ CONTACT CENTRES							12	112-240k	FY24/25
	none		HEAD OF CUSTOMER SERVICE/ CONTACT CENTRES		CONTACT CENTRES					12	95-240k	2023
	none		OPERATIONS MANAGER							12	90-200k	FY24/25
	none		OPERATIONS MANAGER		CONTACT CENTRES					12	82-200k	2023
	none		PRODUCT CONTROL		COMMERCE AND INDUSTRY FINANCIAL SERVICES					12	70-135k	FY24/25
	none		PRODUCT CONTROL MANAGER		COMMERCE AND INDUSTRY FINANCIAL SERVICES					12	80-200k	FY24/25
	none		REPORTING MANAGER		ACCOUNTANCY AND FINANCE					12	92-165k	2023
	none		SERVICE DELIVERY MANAGER		INFRASTRUCTURE					12	100-200k	FY24/25
	none		SERVICE DELIVERY MANAGER		TECHNOLOGY					12	90-190k	2023
	none		SUPERVISOR							12	55-110k	FY24/25
	none		SUPERVISOR		CONTACT CENTRES					12	51-110k	2023
	none		TEAM LEADER							12	55-100k	FY24/25
	none		TEAM LEADER		CONTACT CENTRES					12	51-95k	2023
	none		TECHNICAL LEAD		SOFTWARE DEVELOPMENT					12	125-210k	FY24/25
	none		TELESALES CONSULTANT		CONTACT CENTRES					12	49-75k	2023
	none		TRAINER		CONTACT CENTRES					12	51-95k	2023
	none		BUSINESS MANAGER		SALES NOTES All salaries shown are exclu					11	80-185k	2023
	none		CHANNEL DIRECTOR		IT AND TELECOMMUNICATIONS SALES					11	160-220k	FY24/25
	none		CHANNEL MANAGER		SALES NOTES All salaries shown are exclu					11	70-140k	2023
	none		DEVELOPMENT MANAGER		TECHNOLOGY					11	117-250k	2023
	none		EXECUTIVE		FMCG AND CONSUMER GOODS SALES					11	80-120k	FY24/25
	none		Group Manager/ Principal							11	120-250k	FY22/23
	none		MANAGER		FMCG AND CONSUMER GOODS SALES					11	120-180k	FY24/25
	none		MANAGER		INDUSTRIAL AND TECHNICAL SALES					11	100-160k	FY24/25
	none		Principals/Directors							11	120-210k	FY22/23
	none		SALES ENGINEER		INDUSTRIAL AND TECHNICAL SALES					11	75-140k	FY24/25
	none		SALES ENGINEER		SALES NOTES All salaries shown are exclu					11	70-125k	2023
	none		SPECIFICATIONS MANAGER		INDUSTRIAL AND TECHNICAL SALES					11	85-140k	FY24/25
	none		STATE/ REGIONAL MANAGER		SALES NOTES All salaries shown are exclu					11	85-150k	2023
	none		TECHNICAL LEAD		TECHNOLOGY					11	125-210k	2023
	none		ADVISOR/CONSULTANT		ENVIRONMENTAL					10	80-210k	FY24/25
	none		CORPORATE RELATIONS ADVISOR		MARKETING AND DIGITAL					10	75-150k	2023
	none		CORPORATE RELATIONS MANAGER		MARKETING AND DIGITAL					10	90-200k	2023
	none		Environmental Health Officer							10	66-100k	FY22/23
	none		ENVIRONMENTAL HEALTH OFFICER		LOCAL GOVERNMENT REGULATIONS					10	66-110k	FY24/25
	none		ENVIRONMENTAL HEALTH OFFICER		FACILITIES MANAGEMENT					10	66-110k	2023
	none		GRADUATE		PRIVATE PRACTICE - TOP TIER					10	65-195k	FY24/25
	none		GRADUATE		PRIVATE PRACTICE - MID TIER					10	65-175k	FY24/25
	none		GRADUATE		PRIVATE PRACTICE - SMALL PRACTICES					10	60-170k	FY24/25
	none		GRID CONNECTION MANAGER		SUSTAINABILITY AND ENVIRONMENTAL					10	173-280k	2023
	none		MANAGER		RENEWABLE ENERGY					10	173-280k	FY24/25
	none		PR DIRECTOR		MARKETING AND DIGITAL					10	80-200k	2023
	none		PRIVATE PRACTICE - MID TIER	0-1 YEARS P.A.E	PRIVATE PRACTICE - MID TIER					10	65-230k	FY24/25
	none		PRIVATE PRACTICE - MID TIER	1-2 YEARS P.A.E	PRIVATE PRACTICE - MID TIER					10	70-250k	FY24/25
	none		PRIVATE PRACTICE - SMALL PRACTICES	0-1 YEARS P.A.E	PRIVATE PRACTICE - SMALL PRACTICES					10	63-210k	FY24/25
	none		PRIVATE PRACTICE - SMALL PRACTICES	1-2 YEARS P.A.E	PRIVATE PRACTICE - SMALL PRACTICES					10	65-230k	FY24/25
	none		PRIVATE PRACTICE - TOP TIER	0-1 YEARS P.A.E	PRIVATE PRACTICE - TOP TIER					10	70-250k	FY24/25
	none		PRIVATE PRACTICE - TOP TIER	1-2 YEARS P.A.E	PRIVATE PRACTICE - TOP TIER					10	75-300k	FY24/25
	none		Ranger							10	60-95k	FY22/23
	none		RANGER		LOCAL GOVERNMENT REGULATIONS					10	60-95k	FY24/25
	none		RANGER		FACILITIES MANAGEMENT					10	60-95k	2023
	none		State/Regional Manager							10	82-169k	FY22/23
	none		Typical Range		COMMERCE AND INDUSTRY					10	80-133k	FY24/25
	none		ADVISOR							9	82-130k	FY24/25
	none		ECONOMIST							9	85-140k	FY24/25
	none		ECONOMIST		POLICY AND STRATEGY					9	85-137k	2023
	none		EXECUTIVE OFFICER							9	77-150k	FY24/25
	none		EXECUTIVE OFFICER		POLICY AND STRATEGY					9	77-140k	2023
	none		GRANTS OFFICER							9	65-110k	FY24/25
	none		GRANTS OFFICER		POLICY AND STRATEGY					9	65-100k	2023
	none		IN-HOUSE	0-1 YEARS P.A.E	IN-HOUSE					9	65-190k	FY24/25
	none		Parking Officer							9	55-90k	FY22/23
	none		PARKING OFFICER		LOCAL GOVERNMENT REGULATIONS					9	55-90k	FY24/25
	none		PARKING OFFICER		FACILITIES MANAGEMENT					9	55-90k	2023
	none		RESEARCH ANALYST							9	66-112k	FY24/25
	none		RESEARCH ANALYST		POLICY AND STRATEGY					9	66-110k	2023
	none		SENIOR ECONOMIST							9	102-185k	FY24/25
	none		SENIOR ECONOMIST		POLICY AND STRATEGY					9	102-184k	2023
	none		Senior Environmental Health Officer							9	75-140k	FY22/23
	none		SENIOR ENVIRONMENTAL HEALTH OFFICER		LOCAL GOVERNMENT REGULATIONS					9	75-140k	FY24/25
	none		SENIOR ENVIRONMENTAL HEALTH OFFICER		FACILITIES MANAGEMENT					9	75-140k	2023
	none		STRATEGIC MANAGER		POLICY AND STRATEGY					9	97-175k	2023
	none		Typical Range		ACCOUNTANCY AND FINANCE					9	90-210k	2023
	none		ASSOCIATE ADVISOR		BANKING					8	61-100k	2023
	none		BID COORDINATOR		MARKETING					8	70-100k	FY24/25
	none		BID COORDINATOR		MARKETING AND DIGITAL					8	70-100k	2023
	none		BID MANAGER		MARKETING					8	95-210k	FY24/25
	none		BID MANAGER		MARKETING AND DIGITAL					8	95-220k	2023
	none		CHANGE ANALYST							8	82-204k	FY24/25
	none		CHANGE ANALYST		HUMAN RESOURCES NOTES All salaries shown					8	82-204k	2023
	none		CHANGE MANAGER							8	105-250k	FY24/25
	none		CHANGE MANAGER		HUMAN RESOURCES NOTES All salaries shown					8	102-250k	2023
	none		CLIENT SERVICES		ASSET FINANCE					8	55-80k	FY24/25
	none		CLIENT SERVICES		BANKING					8	55-80k	2023
	none		CLIENT SERVICES		BANKING					8	55-85k	2023
	none		CLIENT SERVICES MANAGER		SUPERANNUATION AND FUNDS MANAGEMENT					8	60-130k	FY24/25
	none		CLIENT SERVICES MANAGER		BANKING					8	56-115k	2023
	none		CLIENT SERVICES OFFICER		SUPERANNUATION AND FUNDS MANAGEMENT					8	55-75k	FY24/25
	none		CLIENT SERVICES OFFICER		BANKING					8	55-75k	2023
	none		CLIENT SERVICES SUPERVISOR		SUPERANNUATION AND FUNDS MANAGEMENT					8	57-90k	FY24/25
	none		CLIENT SERVICES SUPERVISOR		BANKING					8	57-90k	2023
	none		COLLECTIONS OFFICER		LENDING OPERATIONS					8	55-100k	FY24/25
	none		COLLECTIONS OFFICER		BANKING					8	55-90k	2023
	none		COMMUNICATIONS		PR AND COMMUNICATIONS					8	200-350k	FY24/25
	none		CONTROLLER		WAREHOUSE/DISTRIBUTION					8	50-110k	FY24/25
	none		COORDINATOR		WAREHOUSE/DISTRIBUTION					8	48-120k	FY24/25
	none		CRM Manager							8	71-145k	FY22/23
	none		CRM MANAGER		DIGITAL					8	80-145k	FY24/25
	none		CRM MANAGER		MARKETING AND DIGITAL					8	80-145k	2023
	none		DIGITAL ANALYST		DIGITAL					8	75-145k	FY24/25
	none		DIGITAL ANALYST		MARKETING AND DIGITAL					8	75-145k	2023
	none		DIGITAL CHANNEL MANAGER		DIGITAL					8	90-170k	FY24/25
	none		DIGITAL CHANNEL MANAGER		MARKETING AND DIGITAL					8	90-170k	2023
	none		DIGITAL PRODUCER		DIGITAL					8	80-133k	FY24/25
	none		DIGITAL PRODUCER		MARKETING AND DIGITAL					8	80-133k	2023
	none		DIRECTOR OF COMMUNICATIONS		MARKETING AND DIGITAL					8	140-275k	2023
	none		DIVERSITY ADVISOR							8	85-150k	FY24/25
	none		DIVERSITY ADVISOR		HUMAN RESOURCES NOTES All salaries shown					8	77-163k	2023
	none		DIVERSITY MANAGER							8	100-220k	FY24/25
	none		DIVERSITY MANAGER		HUMAN RESOURCES NOTES All salaries shown					8	92-215k	2023
	none		ECOMMERCE MANAGER		DIGITAL					8	90-165k	FY24/25
	none		ECOMMERCE MANAGER		MARKETING AND DIGITAL					8	90-165k	2023
	none		ECOMMERCE SPECIALIST		DIGITAL					8	80-125k	FY24/25
	none		ECOMMERCE SPECIALIST		MARKETING AND DIGITAL					8	80-125k	2023
	none		ENGINEERING MANAGER		MANUFACTURING AND OPERATIONS					8	82-200k	FY24/25
	none		ENGINEERING MANAGER		MANUFACTURING AND OPERATIONS					8	80-180k	2023
	none		ER ADVISOR							8	80-160k	FY24/25
	none		ER ADVISOR		HUMAN RESOURCES NOTES All salaries shown					8	77-140k	2023
	none		ER MANAGER							8	120-220k	FY24/25
	none		ER MANAGER		HUMAN RESOURCES NOTES All salaries shown					8	102-220k	2023
	none		EVALUATION ADVISOR							8	65-120k	FY24/25
	none		EVALUATION ADVISOR		POLICY AND STRATEGY					8	65-115k	2023
	none		EVENT COORDINATOR		MARKETING					8	60-90k	FY24/25
	none		EVENT COORDINATOR		MARKETING AND DIGITAL					8	60-85k	2023
	none		EVENT MANAGER		MARKETING					8	75-130k	FY24/25
	none		EVENT MANAGER		MARKETING AND DIGITAL					8	70-115k	2023
	none		EXECUTIVE DIRECTOR OF COMMUNICATIONS		MARKETING AND DIGITAL					8	200-350k	2023
	none		EXECUTIVE MANAGER		BANKING					8	115-260k	2023
	none		GENERAL MANAGER		LENDING OPERATIONS					8	120-300k	FY24/25
	none		GENERAL MANAGER		SUPERANNUATION AND FUNDS MANAGEMENT					8	105-180k	FY24/25
	none		GENERAL MANAGER		BANKING					8	105-280k	2023
	none		GENERAL MANAGER		BANKING					8	105-180k	2023
	none		HEAD OF L&D/ L&D DIRECTOR							8	125-255k	FY24/25
	none		HEAD OF L&D/ L&D DIRECTOR		HUMAN RESOURCES NOTES All salaries shown					8	120-255k	2023
	none		HEALTH & WELLBEING MANAGER/ OFFICER							8	90-170k	FY24/25
	none		HEALTH & WELLBEING MANAGER/ OFFICER		HUMAN RESOURCES NOTES All salaries shown					8	90-170k	2023
	none		INJURY/RTW ADVISOR							8	77-130k	FY24/25
	none		INJURY/RTW ADVISOR		HUMAN RESOURCES NOTES All salaries shown					8	70-130k	2023
	none		INJURY/RTW MANAGER							8	80-160k	FY24/25
	none		INJURY/RTW MANAGER		HUMAN RESOURCES NOTES All salaries shown					8	80-160k	2023
	none		INSTRUCTIONAL DESIGNER							8	100-200k	FY24/25
	none		INSTRUCTIONAL DESIGNER		HUMAN RESOURCES NOTES All salaries shown					8	92-204k	2023
	none		IR ADVISOR							8	92-160k	FY24/25
	none		IR ADVISOR		HUMAN RESOURCES NOTES All salaries shown					8	90-145k	2023
	none		IR MANAGER							8	120-245k	FY24/25
	none		IR MANAGER		HUMAN RESOURCES NOTES All salaries shown					8	112-245k	2023
	none		MAINTENANCE MANAGER		MANUFACTURING AND OPERATIONS					8	85-180k	FY24/25
	none		MAINTENANCE MANAGER		MANUFACTURING AND OPERATIONS					8	71-150k	2023
	none		MAJOR GIFTS MANAGER		MARKETING					8	80-150k	FY24/25
	none		MAJOR GIFTS MANAGER		MARKETING AND DIGITAL					8	80-145k	2023
	none		Manager							8	65-130k	FY22/23
	none		MANAGER		LENDING OPERATIONS					8	80-160k	FY24/25
	none		MANAGER		SUPERANNUATION AND FUNDS MANAGEMENT					8	70-125k	FY24/25
	none		MANAGER		TRADE FINANCE					8	80-130k	FY24/25
	none		MANAGER		FINANCIAL PLANNING					8	102-170k	FY24/25
	none		MANAGER		BANKING					8	70-160k	2023
	none		MANAGER		BANKING					8	62-112k	2023
	none		MANAGER		BANKING					8	54-110k	2023
	none		OPERATIONS MANAGER		TRANSPORT					8	87-165k	FY24/25
	none		OPERATIONS MANAGER		MANUFACTURING AND OPERATIONS					8	85-200k	FY24/25
	none		OPERATIONS MANAGER		LOGISTICS					8	82-160k	2023
	none		OPERATIONS MANAGER		LOGISTICS					8	77-153k	2023
	none		OPERATIONS MANAGER		MANUFACTURING AND OPERATIONS					8	82-180k	2023
	none		OPERATIONS OFFICER		LENDING OPERATIONS					8	55-75k	FY24/25
	none		OPERATIONS OFFICER		BANKING					8	55-75k	2023
	none		OPTIMISATION/ CONVERSION SPECIALIST		DIGITAL					8	85-150k	FY24/25
	none		OPTIMISATION/ CONVERSION SPECIALIST		MARKETING AND DIGITAL					8	85-150k	2023
	none		PLANNER		MANUFACTURING AND OPERATIONS					8	71-120k	2023
	none		PRACTICE DEVELOPMENT MANAGER		BANKING					8	102-170k	2023
	none		Processing Officer							8	46-75k	FY22/23
	none		PROCESSING OFFICER		TRADE FINANCE					8	55-85k	FY24/25
	none		PROCESSING OFFICER		BANKING					8	52-75k	2023
	none		RELATIONSHIP DIRECTOR		BANKING					8	97-200k	2023
	none		RTW COORDINATOR							8	70-105k	FY24/25
	none		RTW COORDINATOR		HUMAN RESOURCES NOTES All salaries shown					8	60-100k	2023
	none		SEM SPECIALIST		DIGITAL					8	85-120k	FY24/25
	none		SEM SPECIALIST		MARKETING AND DIGITAL					8	85-120k	2023
	none		SENIOR EVALUATION ADVISOR							8	82-130k	FY24/25
	none		SENIOR EVALUATION ADVISOR		POLICY AND STRATEGY					8	82-130k	2023
	none		SENIOR MANAGER		LENDING OPERATIONS					8	90-220k	FY24/25
	none		SENIOR MANAGER		BANKING					8	77-200k	2023
	none		Senior Processing Officer							8	49-85k	FY22/23
	none		SENIOR PROCESSING OFFICER		TRADE FINANCE					8	60-90k	FY24/25
	none		SENIOR SETTLEMENTS OFFICER		SUPERANNUATION AND FUNDS MANAGEMENT					8	65-90k	FY24/25
	none		SENIOR SETTLEMENTS OFFICER		BANKING					8	57-85k	2023
	none		SETTLEMENTS OFFICER		LENDING OPERATIONS					8	55-90k	FY24/25
	none		SETTLEMENTS OFFICER		ASSET FINANCE					8	55-90k	FY24/25
	none		SETTLEMENTS OFFICER		SUPERANNUATION AND FUNDS MANAGEMENT					8	55-85k	FY24/25
	none		SETTLEMENTS OFFICER		BANKING					8	55-90k	2023
	none		SETTLEMENTS OFFICER		BANKING					8	55-90k	2023
	none		SETTLEMENTS OFFICER		BANKING					8	55-80k	2023
	none		SPONSORSHIP/ FUNDRAISING DIRECTOR		MARKETING					8	100-210k	FY24/25
	none		SPONSORSHIP/ FUNDRAISING DIRECTOR		MARKETING AND DIGITAL					8	100-210k	2023
	none		SPONSORSHIP/ FUNDRAISING MANAGER		MARKETING					8	85-155k	FY24/25
	none		SPONSORSHIP/ FUNDRAISING MANAGER		MARKETING AND DIGITAL					8	85-155k	2023
	none		Sponsorship/Fundraising Manager							8	80-155k	FY22/23
	none		STATE MANAGER		BANKING					8	145-300k	2023
	none		SUPERVISOR		SUPERANNUATION AND FUNDS MANAGEMENT					8	65-105k	FY24/25
	none		SUPERVISOR		WAREHOUSE/DISTRIBUTION					8	60-120k	FY24/25
	none		SUPERVISOR		BANKING					8	57-100k	2023
	none		Team Leader							8	54-110k	FY22/23
	none		TEAM LEADER		TRADE FINANCE					8	70-120k	FY24/25
	none		TEAM LEADER		BANKING					8	50-85k	2023
	none		TEAM LEADER/ SUPERVISOR		LENDING OPERATIONS					8	65-140k	FY24/25
	none		TEAM LEADER/ SUPERVISOR		BANKING					8	61-140k	2023
	none		TRAINER		HUMAN RESOURCES NOTES All salaries shown					8	71-135k	2023
	none		TRAINING MANAGER							8	85-170k	FY24/25
	none		TRAINING MANAGER		HUMAN RESOURCES NOTES All salaries shown					8	82-165k	2023
	none		TRANSPORT ANALYST		TRANSPORT					8	55-125k	FY24/25
	none		TRANSPORT ANALYST		LOGISTICS					8	49-95k	2023
	none		UNIT PRICING		SUPERANNUATION AND FUNDS MANAGEMENT					8	57-75k	FY24/25
	none		UNIT PRICING		BANKING					8	57-75k	2023
	none		UNIT REGISTRY		SUPERANNUATION AND FUNDS MANAGEMENT					8	57-75k	FY24/25
	none		UNIT REGISTRY		BANKING					8	57-75k	2023
	none		WEBSITE MANAGER		DIGITAL					8	90-150k	FY24/25
	none		WEBSITE MANAGER		MARKETING AND DIGITAL					8	85-150k	2023
	none		GRADUATE		LEGAL					7	48-90k	2023
	none		GRADUATE		LEGAL					7	48-80k	2023
	none		GRADUATE		LEGAL					7	48-70k	2023
	none		PRIVATE PRACTICE - MID TIER	0-1 YEARS P.A.E	LEGAL					7	55-85k	2023
	none		PRIVATE PRACTICE - MID TIER	1-2 YEARS P.A.E	LEGAL					7	60-95k	2023
	none		PRIVATE PRACTICE - MID TIER	2-3 YEARS P.A.E	LEGAL					7	70-110k	2023
	none		PRIVATE PRACTICE - MID TIER	3-4 YEARS P.A.E	LEGAL					7	80-130k	2023
	none		PRIVATE PRACTICE - MID TIER	4 - 5 YEARS P.A.E	LEGAL					7	90-140k	2023
	none		PRIVATE PRACTICE - MID TIER	5 - 6 YEARS P.A.E	LEGAL					7	100-155k	2023
	none		PRIVATE PRACTICE - MID TIER	6 YEARS + P.A.E	LEGAL					7	120-175k	2023
	none		PRIVATE PRACTICE - SMALL PRACTICES	0-1 YEARS P.A.E	LEGAL					7	50-80k	2023
	none		PRIVATE PRACTICE - SMALL PRACTICES	1-2 YEARS P.A.E	LEGAL					7	55-90k	2023
	none		PRIVATE PRACTICE - SMALL PRACTICES	2-3 YEARS P.A.E	LEGAL					7	62-105k	2023
	none		PRIVATE PRACTICE - SMALL PRACTICES	3-4 YEARS P.A.E	LEGAL					7	75-120k	2023
	none		PRIVATE PRACTICE - SMALL PRACTICES	4 - 5 YEARS P.A.E	LEGAL					7	80-135k	2023
	none		PRIVATE PRACTICE - SMALL PRACTICES	5 - 6 YEARS P.A.E	LEGAL					7	85-150k	2023
	none		PRIVATE PRACTICE - SMALL PRACTICES	6 YEARS + P.A.E	LEGAL					7	95-165k	2023
	none		PRIVATE PRACTICE - TOP TIER	0-1 YEARS P.A.E	LEGAL					7	55-95k	2023
	none		PRIVATE PRACTICE - TOP TIER	1-2 YEARS P.A.E	LEGAL					7	60-110k	2023
	none		PRIVATE PRACTICE - TOP TIER	2-3 YEARS P.A.E	LEGAL					7	72-125k	2023
	none		PRIVATE PRACTICE - TOP TIER	3-4 YEARS P.A.E	LEGAL					7	80-145k	2023
	none		PRIVATE PRACTICE - TOP TIER	4 - 5 YEARS P.A.E	LEGAL					7	95-155k	2023
	none		PRIVATE PRACTICE - TOP TIER	5 - 6 YEARS P.A.E	LEGAL					7	100-170k	2023
	none		PRIVATE PRACTICE - TOP TIER	6 YEARS + P.A.E	LEGAL					7	120-190k	2023
	none		SENIOR ASSOCIATE		LEGAL					7	140-250k	2023
	none		SENIOR ASSOCIATE		LEGAL					7	135-220k	2023
	none		SENIOR ASSOCIATE		LEGAL					7	110-200k	2023
	none		ASSISTANT PLANNER		RETAIL					6	75-153k	2023
	none		ASSISTANT SM/2IC Turnover > $20m		RETAIL					6	77-204k	2023
	none		ASSISTANT SM/2IC Turnover $2-$5m		RETAIL					6	60-153k	2023
	none		ASSISTANT SM/2IC Turnover $5-$10m		RETAIL					6	70-184k	2023
	none		ASSISTANT SM/2IC Turnover up to $2m		RETAIL					6	55-153k	2023
	none		Corporate Actions							6	50-95k	FY22/23
	none		EXECUTIVE MANAGER		BANKING					6	140-300k	2023
	none		GARMENT TECHNICIAN/QA		RETAIL					6	65-306k	2023
	none		MERCHANDISE ASSISTANT		RETAIL					6	60-80k	2023
	none		PATTERN CUTTER		RETAIL					6	60-122k	2023
	none		Performance & Attribution							6	82-133k	FY22/23
	none		Portfolio Analyst							6	77-120k	FY22/23
	none		PRODUCT DEVELOPMENT MANAGER		RETAIL					6	95-510k	2023
	none		RAIL INFRASTRUCTURE NOTES All salaries shown are exclusive of superannuation (AU) or KiwiSaver (NZ). New Zealand salarie	56 - 92	ENGINEERING					6	71-200k	2023
	none		RAIL INFRASTRUCTURE NOTES All salaries shown are exclusive of superannuation (AU) or KiwiSaver (NZ). New Zealand salarie	65 - 102	ENGINEERING					6	122-255k	2023
	none		Research Analyst							6	77-120k	FY22/23
	none		Sponsorship/Fundraising Director							6	100-210k	FY22/23
	none		STATE MANAGER		BANKING					6	145-350k	2023
	none		Trade Support							6	66-95k	FY22/23
	none		ENVIRONMENTAL PLANNER		SUSTAINABILITY AND ENVIRONMENTAL					5	105-165k	2023
	none		HEAD OF CLAIMS		INSURANCE					5	100-220k	2023
	none		HEAD OF SUSTAINABILITY/ESG		SUSTAINABILITY					5	160-330k	FY24/25
	none		HEAD OF SUSTAINABILITY/ESG		SUSTAINABILITY AND ENVIRONMENTAL					5	200-330k	2023
	none		MANAGER		WORKERS COMPENSATION					5	84-150k	FY24/25
	none		MANAGER		INSURANCE					5	70-150k	2023
	none		PRIVATE PRACTICE - MID TIER	2-3 YEARS P.A.E	PRIVATE PRACTICE - MID TIER					5	80-115k	FY24/25
	none		PRIVATE PRACTICE - MID TIER	3-4 YEARS P.A.E	PRIVATE PRACTICE - MID TIER					5	95-130k	FY24/25
	none		PRIVATE PRACTICE - MID TIER	4 - 5 YEARS P.A.E	PRIVATE PRACTICE - MID TIER					5	110-150k	FY24/25
	none		PRIVATE PRACTICE - SMALL PRACTICES	2-3 YEARS P.A.E	PRIVATE PRACTICE - SMALL PRACTICES					5	75-110k	FY24/25
	none		PRIVATE PRACTICE - SMALL PRACTICES	3-4 YEARS P.A.E	PRIVATE PRACTICE - SMALL PRACTICES					5	90-120k	FY24/25
	none		PRIVATE PRACTICE - SMALL PRACTICES	4 - 5 YEARS P.A.E	PRIVATE PRACTICE - SMALL PRACTICES					5	100-140k	FY24/25
	none		PRIVATE PRACTICE - TOP TIER	2-3 YEARS P.A.E	PRIVATE PRACTICE - TOP TIER					5	90-125k	FY24/25
	none		PRIVATE PRACTICE - TOP TIER	3-4 YEARS P.A.E	PRIVATE PRACTICE - TOP TIER					5	100-145k	FY24/25
	none		PRIVATE PRACTICE - TOP TIER	4 - 5 YEARS P.A.E	PRIVATE PRACTICE - TOP TIER					5	115-155k	FY24/25
	none		SENIOR SUSTAINABILITY ADVISOR/CONSULTANT		SUSTAINABILITY					5	100-180k	FY24/25
	none		SENIOR SUSTAINABILITY ADVISOR/CONSULTANT		SUSTAINABILITY AND ENVIRONMENTAL					5	100-160k	2023
	none		SUSTAINABILITY ADVISOR/CONSULTANT		SUSTAINABILITY					5	75-150k	FY24/25
	none		SUSTAINABILITY ADVISOR/CONSULTANT		SUSTAINABILITY AND ENVIRONMENTAL					5	75-130k	2023
	none		SUSTAINABILITY MANAGER		SUSTAINABILITY					5	140-250k	FY24/25
	none		SUSTAINABILITY MANAGER		SUSTAINABILITY AND ENVIRONMENTAL					5	140-250k	2023
	none		TEAM LEADER		WORKERS COMPENSATION					5	75-125k	FY24/25
	none		TEAM LEADER		INSURANCE					5	62-120k	2023
	none		GROUP PLANNING MANAGER/DIRECTOR		RETAIL					4	160-408k	2023
	none		Head of Claims							4	120-250k	FY22/23
	none		Settlements Senior Reconciliations Supervisor/ Officer Settlements Officer Payments Officer Senior Manager Officer							4	46-70k	FY22/23
	none		HEAD OF CLAIMS		LIFE INSURANCE					3	150-250k	FY24/25
	none		HEAD OF CLAIMS		INSURANCE					3	150-250k	2023
	none		LOSS ASSESSOR/ ADJUSTOR		INSURANCE					2	52-60k	2023
	none		ASSESSING MANAGER		INSURANCE					1	120-170k	2023
	none		SENIOR LOSS ASSESSOR/ ADJUSTOR		INSURANCE					1	55-71k	2023
	none		TECHNICAL/ SPECIALIST LOSS ASSESSOR/ ADJUSTOR		INSURANCE					1	80-100k	2023
